# Venue categories - hand-maintained source, merged on top of the
# TicketPortal export by tools/build_venue_tiers.py.
#
# See tools/venue_categories.sample.csv for the format and what each
# column means. Edit this file directly, or merge another file in with:
#     python tools/build_venue_tiers.py --import <file.csv>
# Then rebuild:
#     python tools/build_venue_tiers.py

venue,section,row_from,row_to,tier,sort
acrisure arena,1,,,Other,
acrisure arena,101,,,Lower (100s),
acrisure arena,101W,,,Lower (100s),
acrisure arena,103,,,Lower (100s),
acrisure arena,105,,,Lower (100s),
acrisure arena,106,,,Lower (100s),
acrisure arena,107,,,Lower (100s),
acrisure arena,108,,,Lower (100s),
acrisure arena,108W,,,Lower (100s),
acrisure arena,109,,,Lower (100s),
acrisure arena,110,,,Lower (100s),
acrisure arena,111,,,Lower (100s),
acrisure arena,111W,,,Lower (100s),
acrisure arena,117,,,Lower (100s),
acrisure arena,117W,,,Lower (100s),
acrisure arena,118,,,Lower (100s),
acrisure arena,119,,,Lower (100s),
acrisure arena,120,,,Lower (100s),
acrisure arena,120W,,,Lower (100s),
acrisure arena,121,,,Lower (100s),
acrisure arena,122,,,Lower (100s),
acrisure arena,123,,,Lower (100s),
acrisure arena,125,,,Lower (100s),
acrisure arena,127,,,Lower (100s),
acrisure arena,127W,,,Lower (100s),
acrisure arena,2,,,Other,
acrisure arena,200,,,Club / Mezz (200s),
acrisure arena,201,,,Club / Mezz (200s),
acrisure arena,202,,,Club / Mezz (200s),
acrisure arena,202 - SPOTLIGHT 29 PREMIUM LEVEL | EXCLU,,,Club / Mezz (200s),
acrisure arena,203,,,Club / Mezz (200s),
acrisure arena,203 - SPOTLIGHT 29 PREMIUM LEVEL | EXCLU,,,Club / Mezz (200s),
acrisure arena,204,,,Club / Mezz (200s),
acrisure arena,204 - SPOTLIGHT 29 PREMIUM LEVEL | EXCLU,,,Club / Mezz (200s),
acrisure arena,205,,,Club / Mezz (200s),
acrisure arena,205 - SPOTLIGHT 29 PREMIUM LEVEL | EXCLU,,,Club / Mezz (200s),
acrisure arena,206,,,Club / Mezz (200s),
acrisure arena,222,,,Club / Mezz (200s),
acrisure arena,223,,,Club / Mezz (200s),
acrisure arena,223 - SPOTLIGHT 29 PREMIUM LEVEL | EXCLU,,,Club / Mezz (200s),
acrisure arena,224,,,Club / Mezz (200s),
acrisure arena,224 - SPOTLIGHT 29 PREMIUM LEVEL | EXCLU,,,Club / Mezz (200s),
acrisure arena,225,,,Club / Mezz (200s),
acrisure arena,225 - SPOTLIGHT 29 PREMIUM LEVEL | EXCLU,,,Club / Mezz (200s),
acrisure arena,226,,,Club / Mezz (200s),
acrisure arena,226 - SPOTLIGHT 29 PREMIUM LEVEL | EXCLU,,,Club / Mezz (200s),
acrisure arena,227,,,Club / Mezz (200s),
acrisure arena,227 - SPOTLIGHT 29 PREMIUM LEVEL | EXCLU,,,Club / Mezz (200s),
acrisure arena,3,,,Other,
acrisure arena,4,,,Other,
acrisure arena,5,,,Other,
acrisure arena,6,,,Other,
acrisure arena,7,,,Other,
acrisure arena,75702 VARNER RD.,,,Upper (400+),
acrisure arena,8,,,Other,
acrisure arena,9,,,Other,
acrisure arena,ACRISURE ARENA PARKING,,,Other,
acrisure arena,C109,,,Lower (100s),
acrisure arena,C110,,,Lower (100s),
acrisure arena,CLUB 109,,,Lower (100s),
acrisure arena,CLUB 110,,,Lower (100s),
acrisure arena,DELUXE HOTEL,,,Other,
acrisure arena,EMERALD DELUXE,,,Other,
acrisure arena,EMERALD ELITE,,,Other,
acrisure arena,EMERALD FAN,,,Other,
acrisure arena,FL01,,,Other,
acrisure arena,FL02,,,Other,
acrisure arena,FL03,,,Other,
acrisure arena,FL04,,,Other,
acrisure arena,FL04W,,,Other,
acrisure arena,FL05,,,Other,
acrisure arena,FL06,,,Other,
acrisure arena,FL07,,,Other,
acrisure arena,FL07W,,,Other,
acrisure arena,FL08,,,Other,
acrisure arena,FL08W,,,Other,
acrisure arena,FL09,,,Other,
acrisure arena,FL09W,,,Other,
acrisure arena,FLOOR,,,Floor / GA,
acrisure arena,FLOOR 1,,,Floor / GA,
acrisure arena,FLOOR 2,,,Floor / GA,
acrisure arena,FLOOR 3,,,Floor / GA,
acrisure arena,FLOOR 4,,,Floor / GA,
acrisure arena,FLOOR 4 W,,,Floor / GA,
acrisure arena,FLOOR 5,,,Floor / GA,
acrisure arena,FLOOR 6,,,Floor / GA,
acrisure arena,FLOOR 7,,,Floor / GA,
acrisure arena,FLOOR 8,,,Floor / GA,
acrisure arena,FLOOR 8 W,,,Floor / GA,
acrisure arena,FLOOR 9,,,Floor / GA,
acrisure arena,LOWER 101,,,Lower (100s),
acrisure arena,LOWER 103,,,Lower (100s),
acrisure arena,LOWER 105,,,Lower (100s),
acrisure arena,LOWER 106,,,Lower (100s),
acrisure arena,LOWER 107,,,Lower (100s),
acrisure arena,LOWER 108,,,Lower (100s),
acrisure arena,LOWER 109,,,Lower (100s),
acrisure arena,LOWER 110,,,Lower (100s),
acrisure arena,LOWER 111,,,Lower (100s),
acrisure arena,LOWER 117,,,Lower (100s),
acrisure arena,LOWER 118,,,Lower (100s),
acrisure arena,LOWER 119,,,Lower (100s),
acrisure arena,LOWER 120,,,Lower (100s),
acrisure arena,LOWER 121,,,Lower (100s),
acrisure arena,LOWER 122,,,Lower (100s),
acrisure arena,LOWER 123,,,Lower (100s),
acrisure arena,LOWER 125,,,Lower (100s),
acrisure arena,LOWER 127,,,Lower (100s),
acrisure arena,LOWER C109,,,Lower (100s),
acrisure arena,LOWER C110,,,Lower (100s),
acrisure arena,MAIN LOT,,,Other,
acrisure arena,RESERVED,,,Other,
acrisure arena,RUBY FAN,,,Other,
acrisure arena,SAPPHIRE DELUXE,,,Other,
acrisure arena,SAPPHIRE ELITE,,,Other,
acrisure arena,SAPPHIRE FAN,,,Other,
acrisure arena,UPPER 202,,,Club / Mezz (200s),
acrisure arena,UPPER 203,,,Club / Mezz (200s),
acrisure arena,UPPER 204,,,Club / Mezz (200s),
acrisure arena,UPPER 205,,,Club / Mezz (200s),
acrisure arena,UPPER 206,,,Club / Mezz (200s),
acrisure arena,UPPER 223,,,Club / Mezz (200s),
acrisure arena,UPPER 224,,,Club / Mezz (200s),
acrisure arena,UPPER 225,,,Club / Mezz (200s),
acrisure arena,UPPER 226,,,Club / Mezz (200s),
acrisure arena,UPPER 227,,,Club / Mezz (200s),
acrisure arena,VIP B,,,Other,
acrisure arena,VIP B LOT,,,Other,
acrisure arena,VIP R PURCHASING A TICKET GETS YOU ACCESS TO THE,,,Other,
acrisure arena,VIP RIGHT,,,Other,
acrisure arena,VIPR,,,Other,
acrisure arena,,,,Club / Mezz (200s),1
acrisure arena,,,,Floor / GA,3
acrisure arena,,,,Lower (100s),0
acrisure arena,,,,Other,2
acrisure arena,,,,Upper (400+),4
arrowhead stadium,100S LEVEL 101,,,Cat B - LL Visitor Center 3,
arrowhead stadium,100S LEVEL 102,,,Cat B - LL Visitor Center 3,
arrowhead stadium,100S LEVEL 103,,,Cat D - LL Visitor's Sideline,
arrowhead stadium,100S LEVEL 104,,,Cat D - LL Visitor's Sideline,
arrowhead stadium,100S LEVEL 105,,,Cat D - LL Visitor's Sideline,
arrowhead stadium,100S LEVEL 106,,,Cat E - LL Corner,
arrowhead stadium,100S LEVEL 107,,,Cat E - LL Corner,
arrowhead stadium,100S LEVEL 108,,,Cat F - LL Endzone,
arrowhead stadium,100S LEVEL 109,,,Cat F - LL Endzone,
arrowhead stadium,100S LEVEL 110,,,Cat F - LL Endzone,
arrowhead stadium,100S LEVEL 111,,,Cat F - LL Endzone,
arrowhead stadium,100S LEVEL 112,,,Cat F - LL Endzone,
arrowhead stadium,100S LEVEL 113,,,Cat E - LL Corner,
arrowhead stadium,100S LEVEL 114,,,Cat E - LL Corner,
arrowhead stadium,100S LEVEL 115,,,Cat C - LL Chiefs Sideline,
arrowhead stadium,100S LEVEL 116,,,Cat C - LL Chiefs Sideline,
arrowhead stadium,100S LEVEL 117,,,Cat C - LL Chiefs Sideline,
arrowhead stadium,100S LEVEL 118,,,Cat A - LL Chiefs Center 3,
arrowhead stadium,100S LEVEL 119,,,Cat A - LL Chiefs Center 3,
arrowhead stadium,100S LEVEL 120,,,Cat A - LL Chiefs Center 3,
arrowhead stadium,100S LEVEL 121,,,Cat C - LL Chiefs Sideline,
arrowhead stadium,100S LEVEL 122,,,Cat C - LL Chiefs Sideline,
arrowhead stadium,100S LEVEL 123,,,Cat C - LL Chiefs Sideline,
arrowhead stadium,100S LEVEL 124,,,Cat E - LL Corner,
arrowhead stadium,100S LEVEL 125,,,Cat E - LL Corner,
arrowhead stadium,100S LEVEL 126,,,Cat F - LL Endzone,
arrowhead stadium,100S LEVEL 127,,,Cat F - LL Endzone,
arrowhead stadium,100S LEVEL 128,,,Cat F - LL Endzone,
arrowhead stadium,100S LEVEL 129,,,Cat F - LL Endzone,
arrowhead stadium,100S LEVEL 130,,,Cat F - LL Endzone,
arrowhead stadium,100S LEVEL 131,,,Cat E - LL Corner,
arrowhead stadium,100S LEVEL 132,,,Cat E - LL Corner,
arrowhead stadium,100S LEVEL 133,,,Cat D - LL Visitor's Sideline,
arrowhead stadium,100S LEVEL 134,,,Cat D - LL Visitor's Sideline,
arrowhead stadium,100S LEVEL 135,,,Cat D - LL Visitor's Sideline,
arrowhead stadium,100S LEVEL 136,,,Cat B - LL Visitor Center 3,
arrowhead stadium,101,,,Cat B - LL Visitor Center 3,
arrowhead stadium,102,,,Cat B - LL Visitor Center 3,
arrowhead stadium,103,,,Cat D - LL Visitor's Sideline,
arrowhead stadium,104,,,Cat D - LL Visitor's Sideline,
arrowhead stadium,105,,,Cat D - LL Visitor's Sideline,
arrowhead stadium,106,,,Cat E - LL Corner,
arrowhead stadium,107,,,Cat E - LL Corner,
arrowhead stadium,108,,,Cat F - LL Endzone,
arrowhead stadium,109,,,Cat F - LL Endzone,
arrowhead stadium,110,,,Cat F - LL Endzone,
arrowhead stadium,111,,,Cat F - LL Endzone,
arrowhead stadium,112,,,Cat F - LL Endzone,
arrowhead stadium,113,,,Cat E - LL Corner,
arrowhead stadium,114,,,Cat E - LL Corner,
arrowhead stadium,115,,,Cat C - LL Chiefs Sideline,
arrowhead stadium,116,,,Cat C - LL Chiefs Sideline,
arrowhead stadium,117,,,Cat C - LL Chiefs Sideline,
arrowhead stadium,118,,,Cat A - LL Chiefs Center 3,
arrowhead stadium,119,,,Cat A - LL Chiefs Center 3,
arrowhead stadium,120,,,Cat A - LL Chiefs Center 3,
arrowhead stadium,121,,,Cat C - LL Chiefs Sideline,
arrowhead stadium,122,,,Cat C - LL Chiefs Sideline,
arrowhead stadium,123,,,Cat C - LL Chiefs Sideline,
arrowhead stadium,124,,,Cat E - LL Corner,
arrowhead stadium,125,,,Cat E - LL Corner,
arrowhead stadium,126,,,Cat F - LL Endzone,
arrowhead stadium,127,,,Cat F - LL Endzone,
arrowhead stadium,128,,,Cat F - LL Endzone,
arrowhead stadium,129,,,Cat F - LL Endzone,
arrowhead stadium,130,,,Cat F - LL Endzone,
arrowhead stadium,131,,,Cat E - LL Corner,
arrowhead stadium,132,,,Cat E - LL Corner,
arrowhead stadium,133,,,Cat D - LL Visitor's Sideline,
arrowhead stadium,134,,,Cat D - LL Visitor's Sideline,
arrowhead stadium,135,,,Cat D - LL Visitor's Sideline,
arrowhead stadium,136,,,Cat B - LL Visitor Center 3,
arrowhead stadium,201,,,Cat G - Club Center 3,
arrowhead stadium,202,,,Cat G - Club Center 3,
arrowhead stadium,203,,,Cat H - Club Sideline,
arrowhead stadium,204,,,Cat H - Club Sideline,
arrowhead stadium,205,,,Cat H - Club Sideline,
arrowhead stadium,206,,,Cat I - Club Corners,
arrowhead stadium,207,,,Cat I - Club Corners,
arrowhead stadium,208,,,Cat I - Club Corners,
arrowhead stadium,209,,,Cat I - Club Corners,
arrowhead stadium,210,,,Cat J - Club Endzone,
arrowhead stadium,211,,,Cat J - Club Endzone,
arrowhead stadium,212,,,Cat J - Club Endzone,
arrowhead stadium,213,,,Cat J - Club Endzone,
arrowhead stadium,214,,,Cat J - Club Endzone,
arrowhead stadium,215,,,Cat J - Club Endzone,
arrowhead stadium,216,,,Cat I - Club Corners,
arrowhead stadium,217,,,Cat I - Club Corners,
arrowhead stadium,218,,,Cat I - Club Corners,
arrowhead stadium,219,,,Cat I - Club Corners,
arrowhead stadium,220,,,Cat H - Club Sideline,
arrowhead stadium,221,,,Cat H - Club Sideline,
arrowhead stadium,227,,,Cat H - Club Sideline,
arrowhead stadium,228,,,Cat H - Club Sideline,
arrowhead stadium,229,,,Cat I - Club Corners,
arrowhead stadium,230,,,Cat I - Club Corners,
arrowhead stadium,231,,,Cat I - Club Corners,
arrowhead stadium,232,,,Cat I - Club Corners,
arrowhead stadium,233,,,Cat J - Club Endzone,
arrowhead stadium,234,,,Cat J - Club Endzone,
arrowhead stadium,235,,,Cat J - Club Endzone,
arrowhead stadium,236,,,Cat J - Club Endzone,
arrowhead stadium,237,,,Cat J - Club Endzone,
arrowhead stadium,238,,,Cat J - Club Endzone,
arrowhead stadium,239,,,Cat I - Club Corners,
arrowhead stadium,240,,,Cat I - Club Corners,
arrowhead stadium,241,,,Cat I - Club Corners,
arrowhead stadium,242,,,Cat I - Club Corners,
arrowhead stadium,243,,,Cat H - Club Sideline,
arrowhead stadium,244,,,Cat H - Club Sideline,
arrowhead stadium,245,,,Cat H - Club Sideline,
arrowhead stadium,246,,,Cat G - Club Center 3,
arrowhead stadium,300S LEVEL 301,,,Cat K - UL Center 3,
arrowhead stadium,300S LEVEL 302,,,Cat K - UL Center 3,
arrowhead stadium,300S LEVEL 303,,,Cat L - Upper Sideline,
arrowhead stadium,300S LEVEL 304,,,Cat L - Upper Sideline,
arrowhead stadium,300S LEVEL 305,,,Cat L - Upper Sideline,
arrowhead stadium,300S LEVEL 306,,,Cat M - Upper Corner,
arrowhead stadium,300S LEVEL 307,,,Cat M - Upper Corner,
arrowhead stadium,300S LEVEL 308,,,Cat M - Upper Corner,
arrowhead stadium,300S LEVEL 309,,,Cat N - Upper Endzone,
arrowhead stadium,300S LEVEL 310,,,Cat N - Upper Endzone,
arrowhead stadium,300S LEVEL 311,,,Cat N - Upper Endzone,
arrowhead stadium,300S LEVEL 312,,,Cat N - Upper Endzone,
arrowhead stadium,300S LEVEL 313,,,Cat N - Upper Endzone,
arrowhead stadium,300S LEVEL 314,,,Cat N - Upper Endzone,
arrowhead stadium,300S LEVEL 315,,,Cat N - Upper Endzone,
arrowhead stadium,300S LEVEL 316,,,Cat N - Upper Endzone,
arrowhead stadium,300S LEVEL 317,,,Cat M - Upper Corner,
arrowhead stadium,300S LEVEL 318,,,Cat M - Upper Corner,
arrowhead stadium,300S LEVEL 319,,,Cat M - Upper Corner,
arrowhead stadium,300S LEVEL 320,,,Cat L - Upper Sideline,
arrowhead stadium,300S LEVEL 321,,,Cat L - Upper Sideline,
arrowhead stadium,300S LEVEL 322,,,Cat L - Upper Sideline,
arrowhead stadium,300S LEVEL 323,,,Cat K - UL Center 3,
arrowhead stadium,300S LEVEL 324,,,Cat K - UL Center 3,
arrowhead stadium,300S LEVEL 325,,,Cat K - UL Center 3,
arrowhead stadium,300S LEVEL 326,,,Cat L - Upper Sideline,
arrowhead stadium,300S LEVEL 327,,,Cat L - Upper Sideline,
arrowhead stadium,300S LEVEL 328,,,Cat L - Upper Sideline,
arrowhead stadium,300S LEVEL 329,,,Cat M - Upper Corner,
arrowhead stadium,300S LEVEL 330,,,Cat M - Upper Corner,
arrowhead stadium,300S LEVEL 331,,,Cat M - Upper Corner,
arrowhead stadium,300S LEVEL 332,,,Cat N - Upper Endzone,
arrowhead stadium,300S LEVEL 333,,,Cat N - Upper Endzone,
arrowhead stadium,300S LEVEL 334,,,Cat N - Upper Endzone,
arrowhead stadium,300S LEVEL 335,,,Cat N - Upper Endzone,
arrowhead stadium,300S LEVEL 336,,,Cat N - Upper Endzone,
arrowhead stadium,300S LEVEL 337,,,Cat N - Upper Endzone,
arrowhead stadium,300S LEVEL 338,,,Cat N - Upper Endzone,
arrowhead stadium,300S LEVEL 339,,,Cat N - Upper Endzone,
arrowhead stadium,300S LEVEL 340,,,Cat M - Upper Corner,
arrowhead stadium,300S LEVEL 341,,,Cat M - Upper Corner,
arrowhead stadium,300S LEVEL 342,,,Cat M - Upper Corner,
arrowhead stadium,300S LEVEL 343,,,Cat L - Upper Sideline,
arrowhead stadium,300S LEVEL 344,,,Cat L - Upper Sideline,
arrowhead stadium,300S LEVEL 345,,,Cat L - Upper Sideline,
arrowhead stadium,300S LEVEL 346,,,Cat K - UL Center 3,
arrowhead stadium,301,,,Cat K - UL Center 3,
arrowhead stadium,302,,,Cat K - UL Center 3,
arrowhead stadium,303,,,Cat L - Upper Sideline,
arrowhead stadium,304,,,Cat L - Upper Sideline,
arrowhead stadium,305,,,Cat L - Upper Sideline,
arrowhead stadium,306,,,Cat M - Upper Corner,
arrowhead stadium,307,,,Cat M - Upper Corner,
arrowhead stadium,308,,,Cat M - Upper Corner,
arrowhead stadium,309,,,Cat N - Upper Endzone,
arrowhead stadium,310,,,Cat N - Upper Endzone,
arrowhead stadium,311,,,Cat N - Upper Endzone,
arrowhead stadium,312,,,Cat N - Upper Endzone,
arrowhead stadium,313,,,Cat N - Upper Endzone,
arrowhead stadium,314,,,Cat N - Upper Endzone,
arrowhead stadium,315,,,Cat N - Upper Endzone,
arrowhead stadium,316,,,Cat N - Upper Endzone,
arrowhead stadium,317,,,Cat M - Upper Corner,
arrowhead stadium,318,,,Cat M - Upper Corner,
arrowhead stadium,319,,,Cat M - Upper Corner,
arrowhead stadium,320,,,Cat L - Upper Sideline,
arrowhead stadium,321,,,Cat L - Upper Sideline,
arrowhead stadium,322,,,Cat L - Upper Sideline,
arrowhead stadium,323,,,Cat K - UL Center 3,
arrowhead stadium,324,,,Cat K - UL Center 3,
arrowhead stadium,325,,,Cat K - UL Center 3,
arrowhead stadium,326,,,Cat L - Upper Sideline,
arrowhead stadium,327,,,Cat L - Upper Sideline,
arrowhead stadium,328,,,Cat L - Upper Sideline,
arrowhead stadium,329,,,Cat M - Upper Corner,
arrowhead stadium,330,,,Cat M - Upper Corner,
arrowhead stadium,331,,,Cat M - Upper Corner,
arrowhead stadium,332,,,Cat N - Upper Endzone,
arrowhead stadium,333,,,Cat N - Upper Endzone,
arrowhead stadium,334,,,Cat N - Upper Endzone,
arrowhead stadium,335,,,Cat N - Upper Endzone,
arrowhead stadium,336,,,Cat N - Upper Endzone,
arrowhead stadium,337,,,Cat N - Upper Endzone,
arrowhead stadium,338,,,Cat N - Upper Endzone,
arrowhead stadium,339,,,Cat N - Upper Endzone,
arrowhead stadium,340,,,Cat M - Upper Corner,
arrowhead stadium,341,,,Cat M - Upper Corner,
arrowhead stadium,342,,,Cat M - Upper Corner,
arrowhead stadium,343,,,Cat L - Upper Sideline,
arrowhead stadium,344,,,Cat L - Upper Sideline,
arrowhead stadium,345,,,Cat L - Upper Sideline,
arrowhead stadium,346,,,Cat K - UL Center 3,
arrowhead stadium,4009 BLUE RIDGE CUTOFF,,,Upper (400+),
arrowhead stadium,4501 BLUE RIDGE CUTOFF,,,Upper (400+),
arrowhead stadium,4501 BLUE RIDGE CUTOFF - LOT,,,Upper (400+),
arrowhead stadium,4501 BLUE RIDGE CUTOFF LOT,,,Other,
arrowhead stadium,4501 BLUE RIDGE CUTOFF LOT - 0.7 MI FROM VENUE,,,Upper (400+),
arrowhead stadium,ADA 103,,,Other,
arrowhead stadium,ADA 112,,,Other,
arrowhead stadium,ADA 127,,,Lower (100s),
arrowhead stadium,ADA 135,,,Other,
arrowhead stadium,ADA 212,,,Other,
arrowhead stadium,ADA 214,,,Other,
arrowhead stadium,ADA 221,,,Club / Mezz (200s),
arrowhead stadium,ADA 320,,,Other,
arrowhead stadium,ADA 321,,,Other,
arrowhead stadium,ADA 323,,,Other,
arrowhead stadium,ADA 325,,,Other,
arrowhead stadium,ADA 328,,,Upper (300s),
arrowhead stadium,ADA103,,,Other,
arrowhead stadium,ADA105,,,Other,
arrowhead stadium,ADA108,,,Other,
arrowhead stadium,ADA109,,,Other,
arrowhead stadium,ADA112,,,Other,
arrowhead stadium,ADA115,,,Other,
arrowhead stadium,ADA117,,,Other,
arrowhead stadium,ADA126,,,Other,
arrowhead stadium,ADA127,,,Lower (100s),
arrowhead stadium,ADA129,,,Other,
arrowhead stadium,ADA130,,,Other,
arrowhead stadium,ADA133,,,Other,
arrowhead stadium,ADA135,,,Other,
arrowhead stadium,ADA212,,,Club / Mezz (200s),
arrowhead stadium,ADA214,,,Other,
arrowhead stadium,ADA221,,,Club / Mezz (200s),
arrowhead stadium,ADA320,,,Other,
arrowhead stadium,ADA321,,,Other,
arrowhead stadium,ADA322,,,Other,
arrowhead stadium,ADA323,,,Other,
arrowhead stadium,ADA325,,,Other,
arrowhead stadium,ADA327,,,Other,
arrowhead stadium,ADA328,,,Upper (300s),
arrowhead stadium,ARROWHEAD STADIUM PARKING,,,Other,
arrowhead stadium,CHIEFS PREMIUM,,,Other,
arrowhead stadium,CHIEFS SIDELINE,,,Other,
arrowhead stadium,CHPTGS,,,Other,
arrowhead stadium,CLUB LEVEL,,,Other,
arrowhead stadium,CLUB LEVEL 201,,,Cat G - Club Center 3,
arrowhead stadium,CLUB LEVEL 202,,,Cat G - Club Center 3,
arrowhead stadium,CLUB LEVEL 203,,,Cat H - Club Sideline,
arrowhead stadium,CLUB LEVEL 204,,,Cat H - Club Sideline,
arrowhead stadium,CLUB LEVEL 205,,,Cat H - Club Sideline,
arrowhead stadium,CLUB LEVEL 206,,,Cat I - Club Corners,
arrowhead stadium,CLUB LEVEL 207,,,Cat I - Club Corners,
arrowhead stadium,CLUB LEVEL 208,,,Cat I - Club Corners,
arrowhead stadium,CLUB LEVEL 209,,,Cat I - Club Corners,
arrowhead stadium,CLUB LEVEL 210,,,Cat J - Club Endzone,
arrowhead stadium,CLUB LEVEL 211,,,Cat J - Club Endzone,
arrowhead stadium,CLUB LEVEL 212,,,Cat J - Club Endzone,
arrowhead stadium,CLUB LEVEL 212 ADA,,,Other,
arrowhead stadium,CLUB LEVEL 213,,,Cat J - Club Endzone,
arrowhead stadium,CLUB LEVEL 214,,,Cat J - Club Endzone,
arrowhead stadium,CLUB LEVEL 214 ADA,,,Other,
arrowhead stadium,CLUB LEVEL 215,,,Cat J - Club Endzone,
arrowhead stadium,CLUB LEVEL 216,,,Cat I - Club Corners,
arrowhead stadium,CLUB LEVEL 217,,,Cat I - Club Corners,
arrowhead stadium,CLUB LEVEL 218,,,Cat I - Club Corners,
arrowhead stadium,CLUB LEVEL 219,,,Cat I - Club Corners,
arrowhead stadium,CLUB LEVEL 220,,,Cat H - Club Sideline,
arrowhead stadium,CLUB LEVEL 221,,,Cat H - Club Sideline,
arrowhead stadium,CLUB LEVEL 227,,,Cat H - Club Sideline,
arrowhead stadium,CLUB LEVEL 228,,,Cat H - Club Sideline,
arrowhead stadium,CLUB LEVEL 229,,,Cat I - Club Corners,
arrowhead stadium,CLUB LEVEL 230,,,Cat I - Club Corners,
arrowhead stadium,CLUB LEVEL 231,,,Cat I - Club Corners,
arrowhead stadium,CLUB LEVEL 232,,,Cat I - Club Corners,
arrowhead stadium,CLUB LEVEL 233,,,Cat J - Club Endzone,
arrowhead stadium,CLUB LEVEL 234,,,Cat J - Club Endzone,
arrowhead stadium,CLUB LEVEL 235,,,Cat J - Club Endzone,
arrowhead stadium,CLUB LEVEL 236,,,Cat J - Club Endzone,
arrowhead stadium,CLUB LEVEL 237,,,Cat J - Club Endzone,
arrowhead stadium,CLUB LEVEL 238,,,Cat J - Club Endzone,
arrowhead stadium,CLUB LEVEL 239,,,Cat I - Club Corners,
arrowhead stadium,CLUB LEVEL 240,,,Cat I - Club Corners,
arrowhead stadium,CLUB LEVEL 241,,,Cat I - Club Corners,
arrowhead stadium,CLUB LEVEL 242,,,Cat I - Club Corners,
arrowhead stadium,CLUB LEVEL 243,,,Cat H - Club Sideline,
arrowhead stadium,CLUB LEVEL 244,,,Cat H - Club Sideline,
arrowhead stadium,CLUB LEVEL 245,,,Cat H - Club Sideline,
arrowhead stadium,CLUB LEVEL 246,,,Cat G - Club Center 3,
arrowhead stadium,CLUB PREMIUM,,,Other,
arrowhead stadium,DELUXE HOTEL,,,Other,
arrowhead stadium,GOLD LOT,,,Other,
arrowhead stadium,GOLD LOTS,,,Other,
arrowhead stadium,GOLD1,,,Other,
arrowhead stadium,GOLD2,,,Other,
arrowhead stadium,LOTE,,,Other,
arrowhead stadium,LOTM,,,Other,
arrowhead stadium,LOWER 103 ADA,,,Lower (100s),
arrowhead stadium,LOWER 112 ADA,,,Other,
arrowhead stadium,LOWER LEVEL,,,Other,
arrowhead stadium,PENTHOUSE SUITE,,,Other,
arrowhead stadium,PLATINUM E,,,Other,
arrowhead stadium,PLATINUM M,,,Other,
arrowhead stadium,PTHSTE,,,Other,
arrowhead stadium,RED,,,Other,
arrowhead stadium,RED LOT,,,Other,
arrowhead stadium,RED LOT GENERAL ADMISSION,,,Floor / GA,
arrowhead stadium,RED LOTS,,,Other,
arrowhead stadium,RED1,,,Other,
arrowhead stadium,RED2,,,Other,
arrowhead stadium,RED3,,,Other,
arrowhead stadium,RED4,,,Other,
arrowhead stadium,RED5,,,Other,
arrowhead stadium,RED9,,,Other,
arrowhead stadium,UPPER LEVEL,,,Other,
arrowhead stadium,UPPER SIDELINE,,,Other,
arrowhead stadium,VIP TAILGATE,,,Other,
arrowhead stadium,VISITORS PREMIUM,,,Other,
arrowhead stadium,VISITORS SIDELINE,,,Other,
arrowhead stadium,,,,Cat A - LL Chiefs Center 3,0
arrowhead stadium,,,,Cat B - LL Visitor Center 3,1
arrowhead stadium,,,,Cat C - LL Chiefs Sideline,2
arrowhead stadium,,,,Cat D - LL Visitor's Sideline,3
arrowhead stadium,,,,Cat E - LL Corner,4
arrowhead stadium,,,,Cat F - LL Endzone,5
arrowhead stadium,,,,Cat G - Club Center 3,6
arrowhead stadium,,,,Cat H - Club Sideline,7
arrowhead stadium,,,,Cat I - Club Corners,8
arrowhead stadium,,,,Cat J - Club Endzone,9
arrowhead stadium,,,,Cat K - UL Center 3,10
arrowhead stadium,,,,Cat L - Upper Sideline,11
arrowhead stadium,,,,Cat M - Upper Corner,12
arrowhead stadium,,,,Cat N - Upper Endzone,13
arrowhead stadium,,,,Club / Mezz (200s),18
arrowhead stadium,,,,Floor / GA,21
arrowhead stadium,,,,Lower (100s),17
arrowhead stadium,,,,Other,16
arrowhead stadium,,,,Upper (300s),19
arrowhead stadium,,,,Upper (400+),20
bobby dodd stadium,101,,,Lower (100s),
bobby dodd stadium,102,,,Lower (100s),
bobby dodd stadium,103,,,Lower (100s),
bobby dodd stadium,104,,,Lower (100s),
bobby dodd stadium,105,,,Lower (100s),
bobby dodd stadium,106,,,Lower (100s),
bobby dodd stadium,107,,,Lower (100s),
bobby dodd stadium,108,,,Lower (100s),
bobby dodd stadium,109,,,Lower (100s),
bobby dodd stadium,110,,,Lower (100s),
bobby dodd stadium,111,,,Lower (100s),
bobby dodd stadium,121,,,Lower (100s),
bobby dodd stadium,122,,,Lower (100s),
bobby dodd stadium,123,,,Lower (100s),
bobby dodd stadium,124,,,Lower (100s),
bobby dodd stadium,127,,,Lower (100s),
bobby dodd stadium,128,,,Lower (100s),
bobby dodd stadium,129,,,Lower (100s),
bobby dodd stadium,130,,,Lower (100s),
bobby dodd stadium,131,,,Lower (100s),
bobby dodd stadium,132,,,Lower (100s),
bobby dodd stadium,201,,,Club / Mezz (200s),
bobby dodd stadium,202,,,Club / Mezz (200s),
bobby dodd stadium,203,,,Club / Mezz (200s),
bobby dodd stadium,203 LOWER,,,Club / Mezz (200s),
bobby dodd stadium,203 UPPER,,,Club / Mezz (200s),
bobby dodd stadium,203L,,,Club / Mezz (200s),
bobby dodd stadium,203U,,,Club / Mezz (200s),
bobby dodd stadium,204,,,Club / Mezz (200s),
bobby dodd stadium,204 UPPER,,,Club / Mezz (200s),
bobby dodd stadium,204L,,,Club / Mezz (200s),
bobby dodd stadium,204U,,,Club / Mezz (200s),
bobby dodd stadium,205,,,Club / Mezz (200s),
bobby dodd stadium,205 LOWER,,,Club / Mezz (200s),
bobby dodd stadium,205 UPPER,,,Club / Mezz (200s),
bobby dodd stadium,205L,,,Club / Mezz (200s),
bobby dodd stadium,205U,,,Club / Mezz (200s),
bobby dodd stadium,206,,,Club / Mezz (200s),
bobby dodd stadium,206 LOWER,,,Club / Mezz (200s),
bobby dodd stadium,206 UPPER,,,Club / Mezz (200s),
bobby dodd stadium,206L,,,Club / Mezz (200s),
bobby dodd stadium,206U,,,Club / Mezz (200s),
bobby dodd stadium,207,,,Club / Mezz (200s),
bobby dodd stadium,208,,,Club / Mezz (200s),
bobby dodd stadium,210,,,Club / Mezz (200s),
bobby dodd stadium,211,,,Club / Mezz (200s),
bobby dodd stadium,212,,,Club / Mezz (200s),
bobby dodd stadium,213,,,Club / Mezz (200s),
bobby dodd stadium,214,,,Club / Mezz (200s),
bobby dodd stadium,215,,,Club / Mezz (200s),
bobby dodd stadium,216,,,Club / Mezz (200s),
bobby dodd stadium,217,,,Club / Mezz (200s),
bobby dodd stadium,221,,,Club / Mezz (200s),
bobby dodd stadium,222,,,Club / Mezz (200s),
bobby dodd stadium,223,,,Club / Mezz (200s),
bobby dodd stadium,224,,,Club / Mezz (200s),
bobby dodd stadium,224 LOWER,,,Club / Mezz (200s),
bobby dodd stadium,224 UPPER,,,Club / Mezz (200s),
bobby dodd stadium,224L,,,Club / Mezz (200s),
bobby dodd stadium,224U,,,Club / Mezz (200s),
bobby dodd stadium,225,,,Club / Mezz (200s),
bobby dodd stadium,226,,,Club / Mezz (200s),
bobby dodd stadium,226 LOWER,,,Club / Mezz (200s),
bobby dodd stadium,226 UPPER,,,Club / Mezz (200s),
bobby dodd stadium,226L,,,Club / Mezz (200s),
bobby dodd stadium,226U,,,Club / Mezz (200s),
bobby dodd stadium,227,,,Club / Mezz (200s),
bobby dodd stadium,228,,,Club / Mezz (200s),
bobby dodd stadium,229,,,Club / Mezz (200s),
bobby dodd stadium,AREA1,,,Other,
bobby dodd stadium,BURGE DECK,,,Other,
bobby dodd stadium,BURGE PARKING,,,Other,
bobby dodd stadium,CL1,,,Other,
bobby dodd stadium,CL2,,,Other,
bobby dodd stadium,CL3,,,Other,
bobby dodd stadium,CL4,,,Other,
bobby dodd stadium,CLUB 1,,,Other,
bobby dodd stadium,CLUB 2,,,Other,
bobby dodd stadium,CLUB 3,,,Other,
bobby dodd stadium,CLUB 4,,,Other,
bobby dodd stadium,CLUB LEVEL,,,Other,
bobby dodd stadium,E 81,,,Other,
bobby dodd stadium,E40,,,Other,
bobby dodd stadium,E40 KLAUS DECK,,,Other,
bobby dodd stadium,E65,,,Other,
bobby dodd stadium,FANNING TERRACE,,,Other,
bobby dodd stadium,LOT W21,,,Other,
bobby dodd stadium,LOWER LEVEL,,,Other,
bobby dodd stadium,LOWER SIDELINE,,,Other,
bobby dodd stadium,STUDENT CENTER,,,Other,
bobby dodd stadium,TECH TERRACE 2,,,Other,
bobby dodd stadium,UPPER LEVEL,,,Other,
bobby dodd stadium,UPPER LEVEL 201,,,Club / Mezz (200s),
bobby dodd stadium,UPPER LEVEL 202,,,Club / Mezz (200s),
bobby dodd stadium,UPPER LEVEL 207,,,Club / Mezz (200s),
bobby dodd stadium,UPPER LEVEL 208,,,Club / Mezz (200s),
bobby dodd stadium,UPPER LEVEL 212,,,Club / Mezz (200s),
bobby dodd stadium,UPPER LEVEL 213,,,Club / Mezz (200s),
bobby dodd stadium,UPPER LEVEL 214,,,Club / Mezz (200s),
bobby dodd stadium,UPPER LEVEL 215,,,Club / Mezz (200s),
bobby dodd stadium,UPPER LEVEL 216,,,Club / Mezz (200s),
bobby dodd stadium,UPPER LEVEL 217,,,Club / Mezz (200s),
bobby dodd stadium,UPPER LEVEL 221,,,Club / Mezz (200s),
bobby dodd stadium,UPPER LEVEL 222,,,Club / Mezz (200s),
bobby dodd stadium,UPPER LEVEL 223,,,Club / Mezz (200s),
bobby dodd stadium,UPPER LEVEL 225,,,Club / Mezz (200s),
bobby dodd stadium,UPPER LEVEL 227,,,Club / Mezz (200s),
bobby dodd stadium,UPPER LEVEL 228,,,Club / Mezz (200s),
bobby dodd stadium,UPPER LEVEL 229,,,Club / Mezz (200s),
bobby dodd stadium,YELLOW JACKETS PREMIUM,,,Other,
bobby dodd stadium,YELLOW JACKETS SIDELINE,,,Other,
bobby dodd stadium,,,,Club / Mezz (200s),0
bobby dodd stadium,,,,Lower (100s),1
bobby dodd stadium,,,,Other,2
"bobby dodd stadium atlanta, ga",1,,,Other,
"bobby dodd stadium atlanta, ga",101,,,Lower (100s),
"bobby dodd stadium atlanta, ga",102,,,Lower (100s),
"bobby dodd stadium atlanta, ga",103,,,Lower (100s),
"bobby dodd stadium atlanta, ga",104,,,Lower (100s),
"bobby dodd stadium atlanta, ga",105,,,Lower (100s),
"bobby dodd stadium atlanta, ga",106,,,Lower (100s),
"bobby dodd stadium atlanta, ga",107,,,Lower (100s),
"bobby dodd stadium atlanta, ga",108,,,Lower (100s),
"bobby dodd stadium atlanta, ga",109,,,Lower (100s),
"bobby dodd stadium atlanta, ga",110,,,Lower (100s),
"bobby dodd stadium atlanta, ga",111,,,Lower (100s),
"bobby dodd stadium atlanta, ga",118 UPPER,,,Lower (100s),
"bobby dodd stadium atlanta, ga",121,,,Lower (100s),
"bobby dodd stadium atlanta, ga",122,,,Lower (100s),
"bobby dodd stadium atlanta, ga",123,,,Lower (100s),
"bobby dodd stadium atlanta, ga",124,,,Lower (100s),
"bobby dodd stadium atlanta, ga",127,,,Lower (100s),
"bobby dodd stadium atlanta, ga",128,,,Lower (100s),
"bobby dodd stadium atlanta, ga",129,,,Lower (100s),
"bobby dodd stadium atlanta, ga",130,,,Lower (100s),
"bobby dodd stadium atlanta, ga",131,,,Lower (100s),
"bobby dodd stadium atlanta, ga",132,,,Lower (100s),
"bobby dodd stadium atlanta, ga",1;CL3,,,Other,
"bobby dodd stadium atlanta, ga",2,,,Other,
"bobby dodd stadium atlanta, ga",201,,,Club / Mezz (200s),
"bobby dodd stadium atlanta, ga",202,,,Club / Mezz (200s),
"bobby dodd stadium atlanta, ga",203,,,Club / Mezz (200s),
"bobby dodd stadium atlanta, ga",203 LOWER,,,Club / Mezz (200s),
"bobby dodd stadium atlanta, ga",203 UPPER,,,Club / Mezz (200s),
"bobby dodd stadium atlanta, ga",203L,,,Club / Mezz (200s),
"bobby dodd stadium atlanta, ga",203U,,,Club / Mezz (200s),
"bobby dodd stadium atlanta, ga",204,,,Club / Mezz (200s),
"bobby dodd stadium atlanta, ga",204 LOWER,,,Club / Mezz (200s),
"bobby dodd stadium atlanta, ga",204 UPPER,,,Club / Mezz (200s),
"bobby dodd stadium atlanta, ga",204L,,,Club / Mezz (200s),
"bobby dodd stadium atlanta, ga",204U,,,Club / Mezz (200s),
"bobby dodd stadium atlanta, ga",205,,,Club / Mezz (200s),
"bobby dodd stadium atlanta, ga",205 LOWER,,,Club / Mezz (200s),
"bobby dodd stadium atlanta, ga",205 UPPER,,,Club / Mezz (200s),
"bobby dodd stadium atlanta, ga",205L,,,Club / Mezz (200s),
"bobby dodd stadium atlanta, ga",205U,,,Club / Mezz (200s),
"bobby dodd stadium atlanta, ga",206,,,Club / Mezz (200s),
"bobby dodd stadium atlanta, ga",206 LOWER,,,Club / Mezz (200s),
"bobby dodd stadium atlanta, ga",206 UPPER,,,Club / Mezz (200s),
"bobby dodd stadium atlanta, ga",206L,,,Club / Mezz (200s),
"bobby dodd stadium atlanta, ga",206U,,,Club / Mezz (200s),
"bobby dodd stadium atlanta, ga",207,,,Club / Mezz (200s),
"bobby dodd stadium atlanta, ga",208,,,Club / Mezz (200s),
"bobby dodd stadium atlanta, ga",208.,,,Club / Mezz (200s),
"bobby dodd stadium atlanta, ga",210,,,Club / Mezz (200s),
"bobby dodd stadium atlanta, ga",211,,,Club / Mezz (200s),
"bobby dodd stadium atlanta, ga",212,,,Club / Mezz (200s),
"bobby dodd stadium atlanta, ga",213,,,Club / Mezz (200s),
"bobby dodd stadium atlanta, ga",214,,,Club / Mezz (200s),
"bobby dodd stadium atlanta, ga",215,,,Club / Mezz (200s),
"bobby dodd stadium atlanta, ga",216,,,Club / Mezz (200s),
"bobby dodd stadium atlanta, ga",217,,,Club / Mezz (200s),
"bobby dodd stadium atlanta, ga",221,,,Club / Mezz (200s),
"bobby dodd stadium atlanta, ga",222,,,Club / Mezz (200s),
"bobby dodd stadium atlanta, ga",223,,,Club / Mezz (200s),
"bobby dodd stadium atlanta, ga",224,,,Club / Mezz (200s),
"bobby dodd stadium atlanta, ga",224 LOWER,,,Club / Mezz (200s),
"bobby dodd stadium atlanta, ga",224 UPPER,,,Club / Mezz (200s),
"bobby dodd stadium atlanta, ga",224L,,,Club / Mezz (200s),
"bobby dodd stadium atlanta, ga",224U,,,Club / Mezz (200s),
"bobby dodd stadium atlanta, ga",225,,,Club / Mezz (200s),
"bobby dodd stadium atlanta, ga",226,,,Club / Mezz (200s),
"bobby dodd stadium atlanta, ga",226 LOWER,,,Club / Mezz (200s),
"bobby dodd stadium atlanta, ga",226 UPPER,,,Club / Mezz (200s),
"bobby dodd stadium atlanta, ga",226L,,,Club / Mezz (200s),
"bobby dodd stadium atlanta, ga",226U,,,Club / Mezz (200s),
"bobby dodd stadium atlanta, ga",227,,,Club / Mezz (200s),
"bobby dodd stadium atlanta, ga",228,,,Club / Mezz (200s),
"bobby dodd stadium atlanta, ga",229,,,Club / Mezz (200s),
"bobby dodd stadium atlanta, ga",3,,,Other,
"bobby dodd stadium atlanta, ga",4,,,Other,
"bobby dodd stadium atlanta, ga",AREA1,,,Other,
"bobby dodd stadium atlanta, ga",BURGE DECK,,,Other,
"bobby dodd stadium atlanta, ga",BURGE PARKING,,,Other,
"bobby dodd stadium atlanta, ga",CL1,,,Other,
"bobby dodd stadium atlanta, ga",CL2,,,Other,
"bobby dodd stadium atlanta, ga",CL3,,,Other,
"bobby dodd stadium atlanta, ga",CL4,,,Other,
"bobby dodd stadium atlanta, ga",CLUB 1,,,Other,
"bobby dodd stadium atlanta, ga",CLUB 2,,,Other,
"bobby dodd stadium atlanta, ga",CLUB 3,,,Other,
"bobby dodd stadium atlanta, ga",CLUB 4,,,Other,
"bobby dodd stadium atlanta, ga",CLUB LEVEL,,,Other,
"bobby dodd stadium atlanta, ga",E 81,,,Other,
"bobby dodd stadium atlanta, ga",E40,,,Other,
"bobby dodd stadium atlanta, ga",E40 KLAUS DECK,,,Other,
"bobby dodd stadium atlanta, ga",E65,,,Other,
"bobby dodd stadium atlanta, ga",FANN,,,Other,
"bobby dodd stadium atlanta, ga",FANNING TERRACE,,,Other,
"bobby dodd stadium atlanta, ga",GCO,,,Other,
"bobby dodd stadium atlanta, ga",LOT W21,,,Other,
"bobby dodd stadium atlanta, ga",LOWER LEVEL,,,Other,
"bobby dodd stadium atlanta, ga",LOWER SIDELINE,,,Other,
"bobby dodd stadium atlanta, ga",NESTL,,,Other,
"bobby dodd stadium atlanta, ga",STUDENT CENTER,,,Other,
"bobby dodd stadium atlanta, ga",TECH TERRACE 1,,,Other,
"bobby dodd stadium atlanta, ga",TECH TERRACE 2,,,Other,
"bobby dodd stadium atlanta, ga",UPPER LEVEL,,,Other,
"bobby dodd stadium atlanta, ga",UPPER LEVEL 201,,,Club / Mezz (200s),
"bobby dodd stadium atlanta, ga",UPPER LEVEL 202,,,Club / Mezz (200s),
"bobby dodd stadium atlanta, ga",UPPER LEVEL 207,,,Club / Mezz (200s),
"bobby dodd stadium atlanta, ga",UPPER LEVEL 208,,,Club / Mezz (200s),
"bobby dodd stadium atlanta, ga",UPPER LEVEL 212,,,Club / Mezz (200s),
"bobby dodd stadium atlanta, ga",UPPER LEVEL 213,,,Club / Mezz (200s),
"bobby dodd stadium atlanta, ga",UPPER LEVEL 214,,,Club / Mezz (200s),
"bobby dodd stadium atlanta, ga",UPPER LEVEL 215,,,Club / Mezz (200s),
"bobby dodd stadium atlanta, ga",UPPER LEVEL 216,,,Club / Mezz (200s),
"bobby dodd stadium atlanta, ga",UPPER LEVEL 217,,,Club / Mezz (200s),
"bobby dodd stadium atlanta, ga",UPPER LEVEL 221,,,Club / Mezz (200s),
"bobby dodd stadium atlanta, ga",UPPER LEVEL 222,,,Club / Mezz (200s),
"bobby dodd stadium atlanta, ga",UPPER LEVEL 223,,,Club / Mezz (200s),
"bobby dodd stadium atlanta, ga",UPPER LEVEL 225,,,Club / Mezz (200s),
"bobby dodd stadium atlanta, ga",UPPER LEVEL 227,,,Club / Mezz (200s),
"bobby dodd stadium atlanta, ga",UPPER LEVEL 228,,,Club / Mezz (200s),
"bobby dodd stadium atlanta, ga",UPPER LEVEL 229,,,Club / Mezz (200s),
"bobby dodd stadium atlanta, ga",YELLOW JACKETS PREMIUM,,,Other,
"bobby dodd stadium atlanta, ga",YELLOW JACKETS SIDELINE,,,Other,
"bobby dodd stadium atlanta, ga",,,,Club / Mezz (200s),0
"bobby dodd stadium atlanta, ga",,,,Lower (100s),1
"bobby dodd stadium atlanta, ga",,,,Other,2
bridgeforth stadium,103,,,Lower (100s),
bridgeforth stadium,104,,,Lower (100s),
bridgeforth stadium,105,,,Lower (100s),
bridgeforth stadium,106,,,Lower (100s),
bridgeforth stadium,107,,,Lower (100s),
bridgeforth stadium,108,,,Lower (100s),
bridgeforth stadium,109,,,Lower (100s),
bridgeforth stadium,201,,,Club / Mezz (200s),
bridgeforth stadium,202,,,Club / Mezz (200s),
bridgeforth stadium,203,,,Club / Mezz (200s),
bridgeforth stadium,209,,,Club / Mezz (200s),
bridgeforth stadium,210,,,Club / Mezz (200s),
bridgeforth stadium,211,,,Club / Mezz (200s),
bridgeforth stadium,212,,,Club / Mezz (200s),
bridgeforth stadium,213,,,Club / Mezz (200s),
bridgeforth stadium,214,,,Club / Mezz (200s),
bridgeforth stadium,303,,,Upper (300s),
bridgeforth stadium,306,,,Upper (300s),
bridgeforth stadium,308,,,Upper (300s),
bridgeforth stadium,309,,,Upper (300s),
bridgeforth stadium,310,,,Upper (300s),
bridgeforth stadium,311,,,Upper (300s),
bridgeforth stadium,312,,,Upper (300s),
bridgeforth stadium,4,,,Other,
bridgeforth stadium,401,,,Upper (400+),
bridgeforth stadium,402,,,Upper (400+),
bridgeforth stadium,403,,,Upper (400+),
bridgeforth stadium,404,,,Upper (400+),
bridgeforth stadium,405,,,Upper (400+),
bridgeforth stadium,406,,,Upper (400+),
bridgeforth stadium,407,,,Upper (400+),
bridgeforth stadium,408,,,Upper (400+),
bridgeforth stadium,409,,,Upper (400+),
bridgeforth stadium,410,,,Upper (400+),
bridgeforth stadium,411,,,Upper (400+),
bridgeforth stadium,412,,,Upper (400+),
bridgeforth stadium,413,,,Upper (400+),
bridgeforth stadium,414,,,Upper (400+),
bridgeforth stadium,415,,,Upper (400+),
bridgeforth stadium,5,,,Other,
bridgeforth stadium,6,,,Other,
bridgeforth stadium,CLUB 1,,,Other,
bridgeforth stadium,CLUB 2,,,Other,
bridgeforth stadium,CLUB 4,,,Other,
bridgeforth stadium,CLUB 5,,,Other,
bridgeforth stadium,CLUB 6,,,Other,
bridgeforth stadium,D2/C10,,,Other,
bridgeforth stadium,DECK;2,,,Other,
bridgeforth stadium,GA,,,Floor / GA,
bridgeforth stadium,GA SEATING,,,Floor / GA,
bridgeforth stadium,GENERAL ADMISSION,,,Floor / GA,
bridgeforth stadium,,,,Club / Mezz (200s),2
bridgeforth stadium,,,,Floor / GA,0
bridgeforth stadium,,,,Lower (100s),4
bridgeforth stadium,,,,Other,3
bridgeforth stadium,,,,Upper (300s),5
bridgeforth stadium,,,,Upper (400+),1
bryant-denny stadium,101,,,Lower (100s),
bryant-denny stadium,102,,,Lower (100s),
bryant-denny stadium,103,,,Lower (100s),
bryant-denny stadium,104,,,Lower (100s),
bryant-denny stadium,105,,,Lower (100s),
bryant-denny stadium,106,,,Lower (100s),
bryant-denny stadium,107,,,Lower (100s),
bryant-denny stadium,108,,,Lower (100s),
bryant-denny stadium,109,,,Lower (100s),
bryant-denny stadium,110,,,Lower (100s),
bryant-denny stadium,111,,,Lower (100s),
bryant-denny stadium,112,,,Lower (100s),
bryant-denny stadium,113,,,Lower (100s),
bryant-denny stadium,114,,,Lower (100s),
bryant-denny stadium,115,,,Lower (100s),
bryant-denny stadium,116,,,Lower (100s),
bryant-denny stadium,117,,,Lower (100s),
bryant-denny stadium,118,,,Lower (100s),
bryant-denny stadium,119,,,Lower (100s),
bryant-denny stadium,120,,,Lower (100s),
bryant-denny stadium,121,,,Lower (100s),
bryant-denny stadium,122,,,Lower (100s),
bryant-denny stadium,123,,,Lower (100s),
bryant-denny stadium,124,,,Lower (100s),
bryant-denny stadium,125,,,Lower (100s),
bryant-denny stadium,126,,,Lower (100s),
bryant-denny stadium,127,,,Lower (100s),
bryant-denny stadium,128,,,Lower (100s),
bryant-denny stadium,129,,,Lower (100s),
bryant-denny stadium,130,,,Lower (100s),
bryant-denny stadium,142,,,Lower (100s),
bryant-denny stadium,500,,,Upper (400+),
bryant-denny stadium,801,,,Upper (400+),
bryant-denny stadium,802,,,Upper (400+),
bryant-denny stadium,803,,,Upper (400+),
bryant-denny stadium,804,,,Upper (400+),
bryant-denny stadium,805,,,Upper (400+),
bryant-denny stadium,806,,,Upper (400+),
bryant-denny stadium,807,,,Upper (400+),
bryant-denny stadium,808,,,Upper (400+),
bryant-denny stadium,809,,,Upper (400+),
bryant-denny stadium,810,,,Upper (400+),
bryant-denny stadium,811,,,Upper (400+),
bryant-denny stadium,812,,,Upper (400+),
bryant-denny stadium,813,,,Upper (400+),
bryant-denny stadium,814,,,Upper (400+),
bryant-denny stadium,815,,,Upper (400+),
bryant-denny stadium,816,,,Upper (400+),
bryant-denny stadium,818,,,Upper (400+),
bryant-denny stadium,819,,,Upper (400+),
bryant-denny stadium,820,,,Upper (400+),
bryant-denny stadium,821,,,Upper (400+),
bryant-denny stadium,822,,,Upper (400+),
bryant-denny stadium,823,,,Upper (400+),
bryant-denny stadium,824,,,Upper (400+),
bryant-denny stadium,825,,,Upper (400+),
bryant-denny stadium,826,,,Upper (400+),
bryant-denny stadium,827,,,Upper (400+),
bryant-denny stadium,828,,,Upper (400+),
bryant-denny stadium,829,,,Upper (400+),
bryant-denny stadium,831,,,Upper (400+),
bryant-denny stadium,832,,,Upper (400+),
bryant-denny stadium,833,,,Upper (400+),
bryant-denny stadium,834,,,Upper (400+),
bryant-denny stadium,835,,,Upper (400+),
bryant-denny stadium,836,,,Upper (400+),
bryant-denny stadium,837,,,Upper (400+),
bryant-denny stadium,838,,,Upper (400+),
bryant-denny stadium,839,,,Upper (400+),
bryant-denny stadium,840,,,Upper (400+),
bryant-denny stadium,841,,,Upper (400+),
bryant-denny stadium,842,,,Upper (400+),
bryant-denny stadium,843,,,Upper (400+),
bryant-denny stadium,844,,,Upper (400+),
bryant-denny stadium,845,,,Upper (400+),
bryant-denny stadium,846,,,Upper (400+),
bryant-denny stadium,847,,,Upper (400+),
bryant-denny stadium,849,,,Upper (400+),
bryant-denny stadium,851,,,Upper (400+),
bryant-denny stadium,853,,,Upper (400+),
bryant-denny stadium,854,,,Upper (400+),
bryant-denny stadium,855,,,Upper (400+),
bryant-denny stadium,856,,,Upper (400+),
bryant-denny stadium,857,,,Upper (400+),
bryant-denny stadium,858,,,Upper (400+),
bryant-denny stadium,859,,,Upper (400+),
bryant-denny stadium,860,,,Upper (400+),
bryant-denny stadium,ALABAMA PREMIUM,,,Other,
bryant-denny stadium,ALABAMA SIDELINE,,,Other,
bryant-denny stadium,BD NTER 3,,,Other,
bryant-denny stadium,BD NTER 4,,,Other,
bryant-denny stadium,BD STER 1,,,Other,
bryant-denny stadium,BD;NZ-6,,,Other,
bryant-denny stadium,CAPSTON LO,,,Other,
bryant-denny stadium,IVORY CLUB,,,Other,
bryant-denny stadium,LOWER LEVEL,,,Other,
bryant-denny stadium,LOWER PREMIUM,,,Other,
bryant-denny stadium,LOWER SIDELINE,,,Other,
bryant-denny stadium,NCC5,,,Other,
bryant-denny stadium,NCC6,,,Other,
bryant-denny stadium,NCC7,,,Other,
bryant-denny stadium,NFS,,,Other,
bryant-denny stadium,NORTH CHAMPIONS CLUB 5,,,Other,
bryant-denny stadium,NORTH CHAMPIONS CLUB 6,,,Other,
bryant-denny stadium,NORTH CHAMPIONS CLUB 7,,,Other,
bryant-denny stadium,NORTH CHAMPIONS CLUB 8,,,Other,
bryant-denny stadium,NORTH FIELD SUITE,,,Other,
bryant-denny stadium,NORTH TERRACE CLUB 4,,,Other,
bryant-denny stadium,NORTH ZONE,,,Other,
bryant-denny stadium,NORTH ZONE 10,,,Other,
bryant-denny stadium,NORTH ZONE 11,,,Other,
bryant-denny stadium,NORTH ZONE 2,,,Other,
bryant-denny stadium,NORTH ZONE 3,,,Other,
bryant-denny stadium,NORTH ZONE 4,,,Other,
bryant-denny stadium,NORTH ZONE 5,,,Other,
bryant-denny stadium,NORTH ZONE 6,,,Other,
bryant-denny stadium,NORTH ZONE 7,,,Other,
bryant-denny stadium,NORTH ZONE 8,,,Other,
bryant-denny stadium,NORTH ZONE 9,,,Other,
bryant-denny stadium,NZ4,,,Other,
bryant-denny stadium,NZ5,,,Other,
bryant-denny stadium,NZ6,,,Other,
bryant-denny stadium,NZ7,,,Other,
bryant-denny stadium,NZ8,,,Other,
bryant-denny stadium,NZ9,,,Other,
bryant-denny stadium,SFS1,,,Other,
bryant-denny stadium,SFS2,,,Other,
bryant-denny stadium,SOUTH CHAMPIONS CLUB 2,,,Other,
bryant-denny stadium,SOUTH CHAMPIONS CLUB 3,,,Other,
bryant-denny stadium,SOUTH CHAMPIONS CLUB 4,,,Other,
bryant-denny stadium,SOUTH FIELD SUITE 1,,,Other,
bryant-denny stadium,SOUTH FIELD SUITE 2,,,Other,
bryant-denny stadium,SOUTH ZONE,,,Other,
bryant-denny stadium,SOUTH ZONE 10,,,Other,
bryant-denny stadium,SOUTH ZONE 11,,,Other,
bryant-denny stadium,SOUTH ZONE 4,,,Other,
bryant-denny stadium,SOUTH ZONE 5,,,Other,
bryant-denny stadium,SOUTH ZONE 6,,,Other,
bryant-denny stadium,SOUTH ZONE 7,,,Other,
bryant-denny stadium,SOUTH ZONE 8,,,Other,
bryant-denny stadium,SOUTH ZONE 9,,,Other,
bryant-denny stadium,STUDENT CENTER PAR,,,Other,
bryant-denny stadium,SZ10,,,Other,
bryant-denny stadium,SZ4,,,Other,
bryant-denny stadium,SZ5,,,Other,
bryant-denny stadium,SZ6,,,Other,
bryant-denny stadium,SZ8,,,Other,
bryant-denny stadium,SZ9,,,Other,
bryant-denny stadium,TER-1,,,Other,
bryant-denny stadium,UPPER LEVEL,,,Other,
bryant-denny stadium,UPPER SIDELINE,,,Other,
bryant-denny stadium,,,,Lower (100s),1
bryant-denny stadium,,,,Other,2
bryant-denny stadium,,,,Upper (400+),0
cotton bowl stadium,1,,,Other,
cotton bowl stadium,10,,,Other,
cotton bowl stadium,101,,,Lower (100s),
cotton bowl stadium,102,,,Lower (100s),
cotton bowl stadium,103,,,Lower (100s),
cotton bowl stadium,104,,,Lower (100s),
cotton bowl stadium,105,,,Lower (100s),
cotton bowl stadium,106,,,Lower (100s),
cotton bowl stadium,107,,,Lower (100s),
cotton bowl stadium,108,,,Lower (100s),
cotton bowl stadium,109,,,Lower (100s),
cotton bowl stadium,11,,,Other,
cotton bowl stadium,110,,,Lower (100s),
cotton bowl stadium,111,,,Lower (100s),
cotton bowl stadium,112,,,Lower (100s),
cotton bowl stadium,113,,,Lower (100s),
cotton bowl stadium,114,,,Lower (100s),
cotton bowl stadium,115,,,Lower (100s),
cotton bowl stadium,116,,,Lower (100s),
cotton bowl stadium,117,,,Lower (100s),
cotton bowl stadium,118,,,Lower (100s),
cotton bowl stadium,119,,,Lower (100s),
cotton bowl stadium,12,,,Other,
cotton bowl stadium,120,,,Lower (100s),
cotton bowl stadium,121,,,Lower (100s),
cotton bowl stadium,122,,,Lower (100s),
cotton bowl stadium,123,,,Lower (100s),
cotton bowl stadium,124,,,Lower (100s),
cotton bowl stadium,125,,,Lower (100s),
cotton bowl stadium,126,,,Lower (100s),
cotton bowl stadium,127,,,Lower (100s),
cotton bowl stadium,128,,,Lower (100s),
cotton bowl stadium,129,,,Lower (100s),
cotton bowl stadium,13,,,Other,
cotton bowl stadium,130,,,Lower (100s),
cotton bowl stadium,131,,,Lower (100s),
cotton bowl stadium,132,,,Lower (100s),
cotton bowl stadium,133,,,Lower (100s),
cotton bowl stadium,134,,,Lower (100s),
cotton bowl stadium,135,,,Lower (100s),
cotton bowl stadium,136,,,Lower (100s),
cotton bowl stadium,137,,,Lower (100s),
cotton bowl stadium,138,,,Lower (100s),
cotton bowl stadium,139,,,Lower (100s),
cotton bowl stadium,14,,,Other,
cotton bowl stadium,140,,,Lower (100s),
cotton bowl stadium,141,,,Lower (100s),
cotton bowl stadium,142,,,Lower (100s),
cotton bowl stadium,143,,,Lower (100s),
cotton bowl stadium,144,,,Lower (100s),
cotton bowl stadium,15,,,Other,
cotton bowl stadium,16,,,Other,
cotton bowl stadium,17,,,Other,
cotton bowl stadium,19,,,Other,
cotton bowl stadium,2,,,Other,
cotton bowl stadium,21,,,Other,
cotton bowl stadium,22,,,Other,
cotton bowl stadium,23,,,Other,
cotton bowl stadium,24,,,Other,
cotton bowl stadium,25,,,Other,
cotton bowl stadium,26,,,Other,
cotton bowl stadium,27,,,Other,
cotton bowl stadium,28,,,Other,
cotton bowl stadium,29,,,Other,
cotton bowl stadium,3,,,Other,
cotton bowl stadium,30,,,Other,
cotton bowl stadium,31,,,Other,
cotton bowl stadium,32,,,Other,
cotton bowl stadium,33,,,Other,
cotton bowl stadium,34,,,Other,
cotton bowl stadium,35,,,Other,
cotton bowl stadium,36,,,Other,
cotton bowl stadium,4,,,Other,
cotton bowl stadium,405,,,Upper (400+),
cotton bowl stadium,5,,,Other,
cotton bowl stadium,6,,,Other,
cotton bowl stadium,6 GOV,,,Other,
cotton bowl stadium,6 TX,,,Other,
cotton bowl stadium,7,,,Other,
cotton bowl stadium,8,,,Other,
cotton bowl stadium,9,,,Other,
cotton bowl stadium,LOWER 1,,,Other,
cotton bowl stadium,LOWER 10,,,Other,
cotton bowl stadium,LOWER 11,,,Other,
cotton bowl stadium,LOWER 12,,,Other,
cotton bowl stadium,LOWER 14,,,Other,
cotton bowl stadium,LOWER 15,,,Other,
cotton bowl stadium,LOWER 16,,,Other,
cotton bowl stadium,LOWER 17,,,Other,
cotton bowl stadium,LOWER 21,,,Other,
cotton bowl stadium,LOWER 22,,,Other,
cotton bowl stadium,LOWER 23,,,Other,
cotton bowl stadium,LOWER 24,,,Other,
cotton bowl stadium,LOWER 26,,,Other,
cotton bowl stadium,LOWER 27,,,Other,
cotton bowl stadium,LOWER 35,,,Other,
cotton bowl stadium,LOWER 36,,,Other,
cotton bowl stadium,LOWER 6,,,Other,
cotton bowl stadium,LOWER 8,,,Other,
cotton bowl stadium,LOWER 9,,,Other,
cotton bowl stadium,OU LOWER LEVEL,,,Other,
cotton bowl stadium,OU LOWER SIDELINE,,,Other,
cotton bowl stadium,OU UPPER LEVEL,,,Other,
cotton bowl stadium,OU UPPER SIDELINE,,,Other,
cotton bowl stadium,TEX LOWER LEVEL,,,Other,
cotton bowl stadium,TEX LOWER SIDELINE,,,Other,
cotton bowl stadium,TEX UPPER LEVEL,,,Other,
cotton bowl stadium,TEX UPPER SIDELINE,,,Other,
cotton bowl stadium,UPPER 104,,,Lower (100s),
cotton bowl stadium,UPPER 115,,,Lower (100s),
cotton bowl stadium,UPPER 116,,,Lower (100s),
cotton bowl stadium,UPPER 118,,,Lower (100s),
cotton bowl stadium,UPPER 120,,,Lower (100s),
cotton bowl stadium,UPPER 124,,,Lower (100s),
cotton bowl stadium,UPPER 125,,,Lower (100s),
cotton bowl stadium,UPPER 126,,,Lower (100s),
cotton bowl stadium,UPPER 127,,,Lower (100s),
cotton bowl stadium,UPPER 128,,,Lower (100s),
cotton bowl stadium,UPPER 133,,,Lower (100s),
cotton bowl stadium,UPPER 138,,,Lower (100s),
cotton bowl stadium,UPPER 143,,,Lower (100s),
cotton bowl stadium,UPPER LEVEL 119,,,Lower (100s),
cotton bowl stadium,,,,Lower (100s),0
cotton bowl stadium,,,,Other,1
cotton bowl stadium,,,,Upper (400+),2
darrell k. royal - texas memorial stadium,1,,,Other,
darrell k. royal - texas memorial stadium,10,,,Other,
darrell k. royal - texas memorial stadium,101,,,Cat A - Texas SL Between 30YL,
darrell k. royal - texas memorial stadium,102,,,Cat A - Texas SL Between 30YL,
darrell k. royal - texas memorial stadium,103,,,Cat A - Texas SL Between 30YL,
darrell k. royal - texas memorial stadium,104,,,Cat A - Texas SL Between 30YL,
darrell k. royal - texas memorial stadium,105,,,Cat A - Texas SL Between 30YL,
darrell k. royal - texas memorial stadium,106,,,Cat A - Texas SL Between 30YL,
darrell k. royal - texas memorial stadium,107,,,Cat A - Texas SL Between 30YL,
darrell k. royal - texas memorial stadium,108,,,Cat A - Texas SL Between 30YL,
darrell k. royal - texas memorial stadium,109,,,Cat A - Texas SL Between 30YL,
darrell k. royal - texas memorial stadium,11,,,Other,
darrell k. royal - texas memorial stadium,1101 RED RIVER ST. - SYMPHONY SQUARE GARAGE,,,Upper (400+),
darrell k. royal - texas memorial stadium,111,,,Cat A - Texas SL Between 30YL,
darrell k. royal - texas memorial stadium,112,,,Cat A - Texas SL Between 30YL,
darrell k. royal - texas memorial stadium,113,,,Cat A - Texas SL Between 30YL,
darrell k. royal - texas memorial stadium,114,,,Cat A - Texas SL Between 30YL,
darrell k. royal - texas memorial stadium,115,,,Cat A - Texas SL Between 30YL,
darrell k. royal - texas memorial stadium,116,,,Cat A - Texas SL Between 30YL,
darrell k. royal - texas memorial stadium,117,,,Cat A - Texas SL Between 30YL,
darrell k. royal - texas memorial stadium,118,,,Cat A - Texas SL Between 30YL,
darrell k. royal - texas memorial stadium,119,,,Cat A - Texas SL Between 30YL,
darrell k. royal - texas memorial stadium,12,,,Other,
darrell k. royal - texas memorial stadium,120,,,Cat A - Texas SL Between 30YL,
darrell k. royal - texas memorial stadium,1200 S. INTERSTATE HWY 35 LOT,,,Upper (400+),
darrell k. royal - texas memorial stadium,1201 RED RIVER ST. - LOT,,,Upper (400+),
darrell k. royal - texas memorial stadium,121,,,Cat A - Texas SL Between 30YL,
darrell k. royal - texas memorial stadium,122,,,Cat A - Texas SL Between 30YL,
darrell k. royal - texas memorial stadium,123,,,Cat A - Texas SL Between 30YL,
darrell k. royal - texas memorial stadium,124,,,Cat A - Texas SL Between 30YL,
darrell k. royal - texas memorial stadium,125,,,Cat A - Texas SL Between 30YL,
darrell k. royal - texas memorial stadium,126,,,Cat A - Texas SL Between 30YL,
darrell k. royal - texas memorial stadium,127,,,Cat A - Texas SL Between 30YL,
darrell k. royal - texas memorial stadium,128,,,Cat A - Texas SL Between 30YL,
darrell k. royal - texas memorial stadium,129,,,Cat A - Texas SL Between 30YL,
darrell k. royal - texas memorial stadium,13,,,Other,
darrell k. royal - texas memorial stadium,130,,,Cat A - Texas SL Between 30YL,
darrell k. royal - texas memorial stadium,131,,,Cat A - Texas SL Between 30YL,
darrell k. royal - texas memorial stadium,132,,,Cat A - Texas SL Between 30YL,
darrell k. royal - texas memorial stadium,13C,,,Other,
darrell k. royal - texas memorial stadium,14,,,Other,
darrell k. royal - texas memorial stadium,14C,,,Other,
darrell k. royal - texas memorial stadium,14T,,,Other,
darrell k. royal - texas memorial stadium,15,,,Other,
darrell k. royal - texas memorial stadium,1576 GUADALUPE ST.,,,Upper (400+),
darrell k. royal - texas memorial stadium,1576 GUADALUPE ST. (400 W 15TH ST.) - GARAGE,,,Upper (400+),
darrell k. royal - texas memorial stadium,15C,,,Other,
darrell k. royal - texas memorial stadium,15T,,,Other,
darrell k. royal - texas memorial stadium,16,,,Other,
darrell k. royal - texas memorial stadium,16C,,,Other,
darrell k. royal - texas memorial stadium,16T,,,Other,
darrell k. royal - texas memorial stadium,17,,,Other,
darrell k. royal - texas memorial stadium,17C,,,Other,
darrell k. royal - texas memorial stadium,17T,,,Other,
darrell k. royal - texas memorial stadium,18,,,Other,
darrell k. royal - texas memorial stadium,1836 SAN JACINTO BLVD,,,Upper (400+),
darrell k. royal - texas memorial stadium,18C,,,Other,
darrell k. royal - texas memorial stadium,18LL,,,Other,
darrell k. royal - texas memorial stadium,19,,,Other,
darrell k. royal - texas memorial stadium,19C,,,Other,
darrell k. royal - texas memorial stadium,19LL,,,Other,
darrell k. royal - texas memorial stadium,2,,,Other,
darrell k. royal - texas memorial stadium,20,,,Other,
darrell k. royal - texas memorial stadium,202 E 9TH ST.,,,Club / Mezz (200s),
darrell k. royal - texas memorial stadium,202 E 9TH ST. (901 BRAZOS ST.) - LOT,,,Club / Mezz (200s),
darrell k. royal - texas memorial stadium,21,,,Other,
darrell k. royal - texas memorial stadium,211 E 9TH ST. - LOT,,,Club / Mezz (200s),
darrell k. royal - texas memorial stadium,22,,,Other,
darrell k. royal - texas memorial stadium,23,,,Other,
darrell k. royal - texas memorial stadium,26,,,Other,
darrell k. royal - texas memorial stadium,27,,,Other,
darrell k. royal - texas memorial stadium,27 C,,,Other,
darrell k. royal - texas memorial stadium,27C,,,Other,
darrell k. royal - texas memorial stadium,28,,,Other,
darrell k. royal - texas memorial stadium,28C,,,Other,
darrell k. royal - texas memorial stadium,29,,,Other,
darrell k. royal - texas memorial stadium,29C,,,Other,
darrell k. royal - texas memorial stadium,3,,,Other,
darrell k. royal - texas memorial stadium,30,,,Other,
darrell k. royal - texas memorial stadium,300 WEST AVE. - 1.7 MI FROM VENUE,,,Upper (300s),
darrell k. royal - texas memorial stadium,307 W 12TH ST. - GRANGER GARAGE,,,Upper (300s),
darrell k. royal - texas memorial stadium,30C,,,Other,
darrell k. royal - texas memorial stadium,31,,,Other,
darrell k. royal - texas memorial stadium,310 W 13TH ST. (304 W 13TH ST.) - TXOGA AUSTIN LOT,,,Upper (300s),
darrell k. royal - texas memorial stadium,32,,,Other,
darrell k. royal - texas memorial stadium,33,,,Other,
darrell k. royal - texas memorial stadium,34,,,Other,
darrell k. royal - texas memorial stadium,35,,,Other,
darrell k. royal - texas memorial stadium,36 C,,,Other,
darrell k. royal - texas memorial stadium,36C,,,Other,
darrell k. royal - texas memorial stadium,37,,,Other,
darrell k. royal - texas memorial stadium,37 C,,,Other,
darrell k. royal - texas memorial stadium,37-39,,,Other,
darrell k. royal - texas memorial stadium,37C,,,Other,
darrell k. royal - texas memorial stadium,38 C,,,Other,
darrell k. royal - texas memorial stadium,38C,,,Other,
darrell k. royal - texas memorial stadium,39 C,,,Other,
darrell k. royal - texas memorial stadium,39C,,,Other,
darrell k. royal - texas memorial stadium,4,,,Other,
darrell k. royal - texas memorial stadium,40 C,,,Other,
darrell k. royal - texas memorial stadium,400 E 8TH ST. - AUSTIN CENTRE LOT,,,Upper (400+),
darrell k. royal - texas memorial stadium,400 W. 15TH ST. GARAGE,,,Upper (400+),
darrell k. royal - texas memorial stadium,40C,,,Other,
darrell k. royal - texas memorial stadium,41 C,,,Other,
darrell k. royal - texas memorial stadium,41C,,,Other,
darrell k. royal - texas memorial stadium,5,,,Other,
darrell k. royal - texas memorial stadium,6,,,Other,
darrell k. royal - texas memorial stadium,7,,,Other,
darrell k. royal - texas memorial stadium,8,,,Other,
darrell k. royal - texas memorial stadium,9,,,Other,
darrell k. royal - texas memorial stadium,910 BRAZOS ST (823 CONGRESS) - GARAGE,,,Upper (400+),
darrell k. royal - texas memorial stadium,940 SAN JACINTO BLVD. (206 E 9TH ST.),,,Upper (400+),
darrell k. royal - texas memorial stadium,BRAZOS,,,Other,
darrell k. royal - texas memorial stadium,BRAZOS GARAGE,,,Other,
darrell k. royal - texas memorial stadium,CENTENNIAL CLUB 5,,,Other,
darrell k. royal - texas memorial stadium,CENTENNIAL CLUB 6,,,Other,
darrell k. royal - texas memorial stadium,CENTENNIAL CLUB 8,,,Other,
darrell k. royal - texas memorial stadium,CENTENNIAL CLUB 9,,,Other,
darrell k. royal - texas memorial stadium,CENTENNIAL CLUB CR 1,,,Other,
darrell k. royal - texas memorial stadium,CENTENNIAL CLUB CR 2,,,Other,
darrell k. royal - texas memorial stadium,CENTENNIAL CLUB CR 3,,,Other,
darrell k. royal - texas memorial stadium,CENTENNIAL CLUB CR 4,,,Other,
darrell k. royal - texas memorial stadium,CENTENNIAL CLUB CR 5,,,Other,
darrell k. royal - texas memorial stadium,CENTENNIAL CLUB CR 6,,,Other,
darrell k. royal - texas memorial stadium,CENTENNIAL CLUB CR 7,,,Other,
darrell k. royal - texas memorial stadium,CENTENNIAL CLUB CR 8,,,Other,
darrell k. royal - texas memorial stadium,CENTENNIAL CLUB CR 9,,,Other,
darrell k. royal - texas memorial stadium,CENTENNIAL CLUB CR1,,,Other,
darrell k. royal - texas memorial stadium,CENTENNIAL CLUB CR2,,,Other,
darrell k. royal - texas memorial stadium,CENTENNIAL CLUB CR3,,,Other,
darrell k. royal - texas memorial stadium,CENTENNIAL CLUB CR4,,,Other,
darrell k. royal - texas memorial stadium,CENTENNIAL CLUB CR5,,,Other,
darrell k. royal - texas memorial stadium,CENTENNIAL CLUB CR6,,,Other,
darrell k. royal - texas memorial stadium,CENTENNIAL CLUB CR7,,,Other,
darrell k. royal - texas memorial stadium,CENTENNIAL CLUB CR8,,,Other,
darrell k. royal - texas memorial stadium,CENTENNIAL CLUB CR9,,,Other,
darrell k. royal - texas memorial stadium,CENTENNIAL ROOM 8,,,Other,
darrell k. royal - texas memorial stadium,CLUB PASSES,,,Other,
darrell k. royal - texas memorial stadium,CLUB14C,,,Other,
darrell k. royal - texas memorial stadium,CLUB15,,,Other,
darrell k. royal - texas memorial stadium,CLUB15C,,,Other,
darrell k. royal - texas memorial stadium,CLUB16C,,,Other,
darrell k. royal - texas memorial stadium,CLUB17C,,,Other,
darrell k. royal - texas memorial stadium,CLUB18C,,,Other,
darrell k. royal - texas memorial stadium,CLUB19C,,,Other,
darrell k. royal - texas memorial stadium,CLUB27C,,,Other,
darrell k. royal - texas memorial stadium,CLUB28C,,,Other,
darrell k. royal - texas memorial stadium,CLUB29C,,,Other,
darrell k. royal - texas memorial stadium,CLUB30C,,,Other,
darrell k. royal - texas memorial stadium,CR1,,,Other,
darrell k. royal - texas memorial stadium,CR2,,,Other,
darrell k. royal - texas memorial stadium,CR3,,,Other,
darrell k. royal - texas memorial stadium,CR4,,,Other,
darrell k. royal - texas memorial stadium,CR5,,,Other,
darrell k. royal - texas memorial stadium,CR6,,,Other,
darrell k. royal - texas memorial stadium,CR7,,,Other,
darrell k. royal - texas memorial stadium,CR8,,,Other,
darrell k. royal - texas memorial stadium,CR9,,,Other,
darrell k. royal - texas memorial stadium,EAST CAMPUS,,,Other,
darrell k. royal - texas memorial stadium,EAST CAMPUS GARAGE,,,Other,
darrell k. royal - texas memorial stadium,EASTCAMPUS,,,Other,
darrell k. royal - texas memorial stadium,FIELD CLUB 37,,,Other,
darrell k. royal - texas memorial stadium,FIELD CLUB 38,,,Other,
darrell k. royal - texas memorial stadium,FIELD CLUB 39,,,Other,
darrell k. royal - texas memorial stadium,FIELD CLUB 40,,,Other,
darrell k. royal - texas memorial stadium,GARAGE A,,,Other,
darrell k. royal - texas memorial stadium,GARAGE E,,,Other,
darrell k. royal - texas memorial stadium,GARAGE J,,,Other,
darrell k. royal - texas memorial stadium,GENERAL PARKING WITHIN 1 MILE,,,Floor / GA,
darrell k. royal - texas memorial stadium,HEALTH CENTER GARAGE,,,Other,
darrell k. royal - texas memorial stadium,LDE:29,,,Other,
darrell k. royal - texas memorial stadium,LDE:31,,,Other,
darrell k. royal - texas memorial stadium,LDN:14,,,Other,
darrell k. royal - texas memorial stadium,LDN;14,,,Other,
darrell k. royal - texas memorial stadium,LDN;20,,,Other,
darrell k. royal - texas memorial stadium,LDS:40C,,,Other,
darrell k. royal - texas memorial stadium,LDW3,,,Other,
darrell k. royal - texas memorial stadium,LDW:3,,,Other,
darrell k. royal - texas memorial stadium,LDW:5,,,Other,
darrell k. royal - texas memorial stadium,LDW:7,,,Other,
darrell k. royal - texas memorial stadium,LDW:8,,,Other,
darrell k. royal - texas memorial stadium,LL18,,,Other,
darrell k. royal - texas memorial stadium,LL19,,,Other,
darrell k. royal - texas memorial stadium,LONGHORN LOUNGE 18,,,Other,
darrell k. royal - texas memorial stadium,LONGHORN LOUNGE 19,,,Other,
darrell k. royal - texas memorial stadium,LONGHORNLOUNGE18,,,Other,
darrell k. royal - texas memorial stadium,LONGHORNLOUNGE19,,,Other,
darrell k. royal - texas memorial stadium,LONGHORNS PREMIUM,,,Other,
darrell k. royal - texas memorial stadium,LONGHORNS SIDELINE,,,Other,
darrell k. royal - texas memorial stadium,LOT 15,,,Other,
darrell k. royal - texas memorial stadium,LOT 18/92,,,Other,
darrell k. royal - texas memorial stadium,LOT 37,,,Other,
darrell k. royal - texas memorial stadium,LOT 37-39,,,Other,
darrell k. royal - texas memorial stadium,LOT 39,,,Other,
darrell k. royal - texas memorial stadium,LOT:PINK,,,Other,
darrell k. royal - texas memorial stadium,LOWER 1,,,Other,
darrell k. royal - texas memorial stadium,LOWER 10,,,Other,
darrell k. royal - texas memorial stadium,LOWER 11,,,Other,
darrell k. royal - texas memorial stadium,LOWER 12,,,Other,
darrell k. royal - texas memorial stadium,LOWER 13,,,Other,
darrell k. royal - texas memorial stadium,LOWER 13T,,,Other,
darrell k. royal - texas memorial stadium,LOWER 14,,,Other,
darrell k. royal - texas memorial stadium,LOWER 14T,,,Other,
darrell k. royal - texas memorial stadium,LOWER 15,,,Other,
darrell k. royal - texas memorial stadium,LOWER 15T,,,Other,
darrell k. royal - texas memorial stadium,LOWER 16,,,Other,
darrell k. royal - texas memorial stadium,LOWER 16T,,,Other,
darrell k. royal - texas memorial stadium,LOWER 17,,,Other,
darrell k. royal - texas memorial stadium,LOWER 17T,,,Other,
darrell k. royal - texas memorial stadium,LOWER 18L,,,Other,
darrell k. royal - texas memorial stadium,LOWER 19L,,,Other,
darrell k. royal - texas memorial stadium,LOWER 2,,,Other,
darrell k. royal - texas memorial stadium,LOWER 20,,,Other,
darrell k. royal - texas memorial stadium,LOWER 21,,,Other,
darrell k. royal - texas memorial stadium,LOWER 22,,,Other,
darrell k. royal - texas memorial stadium,LOWER 23,,,Other,
darrell k. royal - texas memorial stadium,LOWER 27,,,Other,
darrell k. royal - texas memorial stadium,LOWER 28,,,Other,
darrell k. royal - texas memorial stadium,LOWER 29,,,Other,
darrell k. royal - texas memorial stadium,LOWER 3,,,Other,
darrell k. royal - texas memorial stadium,LOWER 30,,,Other,
darrell k. royal - texas memorial stadium,LOWER 31,,,Other,
darrell k. royal - texas memorial stadium,LOWER 32,,,Other,
darrell k. royal - texas memorial stadium,LOWER 34,,,Other,
darrell k. royal - texas memorial stadium,LOWER 35,,,Other,
darrell k. royal - texas memorial stadium,LOWER 4,,,Other,
darrell k. royal - texas memorial stadium,LOWER 5,,,Other,
darrell k. royal - texas memorial stadium,LOWER 6,,,Other,
darrell k. royal - texas memorial stadium,LOWER 7,,,Other,
darrell k. royal - texas memorial stadium,LOWER 8,,,Other,
darrell k. royal - texas memorial stadium,LOWER 9,,,Other,
darrell k. royal - texas memorial stadium,LOWER LEVEL,,,Other,
darrell k. royal - texas memorial stadium,LOWER LEVER 5,,,Other,
darrell k. royal - texas memorial stadium,LOWER PREMIUM,,,Other,
darrell k. royal - texas memorial stadium,LOWER SIDELINE,,,Other,
darrell k. royal - texas memorial stadium,MANOR,,,Other,
darrell k. royal - texas memorial stadium,MANOR GARAGE,,,Other,
darrell k. royal - texas memorial stadium,MANORGAR,,,Other,
darrell k. royal - texas memorial stadium,NAVY BLUE,,,Other,
darrell k. royal - texas memorial stadium,NAVY BLUE LOT,,,Other,
darrell k. royal - texas memorial stadium,NAVY BLUE LOTS,,,Other,
darrell k. royal - texas memorial stadium,NAVY BLUE LOTS 37-39,,,Other,
darrell k. royal - texas memorial stadium,NAVY BLUE PARKING,,,Other,
darrell k. royal - texas memorial stadium,NAVY LOTS,,,Other,
darrell k. royal - texas memorial stadium,PARKING WITHIN 0.5MI (10MINS),,,Other,
darrell k. royal - texas memorial stadium,PINK,,,Other,
darrell k. royal - texas memorial stadium,PINK INNOVATION TOWER,,,Other,
darrell k. royal - texas memorial stadium,PINK LOT,,,Other,
darrell k. royal - texas memorial stadium,PINK LOTS,,,Other,
darrell k. royal - texas memorial stadium,PINK PARKING,,,Other,
darrell k. royal - texas memorial stadium,PINK PARKING LOT,,,Other,
darrell k. royal - texas memorial stadium,PREGAME TAILGATE,,,Other,
darrell k. royal - texas memorial stadium,RICOH CLUB,,,Other,
darrell k. royal - texas memorial stadium,SAN JACINTO,,,Other,
darrell k. royal - texas memorial stadium,SAN JACINTO GARAGE,,,Other,
darrell k. royal - texas memorial stadium,SANJAC,,,Other,
darrell k. royal - texas memorial stadium,STATE GARAGE,,,Other,
darrell k. royal - texas memorial stadium,STATE GARAGE A,,,Other,
darrell k. royal - texas memorial stadium,STATE GARAGE E,,,Other,
darrell k. royal - texas memorial stadium,STATE GARAGE J,,,Other,
darrell k. royal - texas memorial stadium,STATE GARAGE Q,,,Other,
darrell k. royal - texas memorial stadium,STATE GARAGE R,,,Other,
darrell k. royal - texas memorial stadium,STATE PARKING GARAGE Q,,,Other,
darrell k. royal - texas memorial stadium,STGARQ,,,Other,
darrell k. royal - texas memorial stadium,STGARR,,,Other,
darrell k. royal - texas memorial stadium,TC14,,,Other,
darrell k. royal - texas memorial stadium,TC15,,,Other,
darrell k. royal - texas memorial stadium,TC16,,,Other,
darrell k. royal - texas memorial stadium,TC17,,,Other,
darrell k. royal - texas memorial stadium,TERRACE CLUB 13,,,Other,
darrell k. royal - texas memorial stadium,TERRACE CLUB 13T,,,Other,
darrell k. royal - texas memorial stadium,TERRACE CLUB 14,,,Other,
darrell k. royal - texas memorial stadium,TERRACE CLUB 14T,,,Other,
darrell k. royal - texas memorial stadium,TERRACE CLUB 15,,,Other,
darrell k. royal - texas memorial stadium,TERRACE CLUB 15T,,,Other,
darrell k. royal - texas memorial stadium,TERRACE CLUB 16,,,Other,
darrell k. royal - texas memorial stadium,TERRACE CLUB 16T,,,Other,
darrell k. royal - texas memorial stadium,TERRACE CLUB 17,,,Other,
darrell k. royal - texas memorial stadium,TERRACE CLUB 17T,,,Other,
darrell k. royal - texas memorial stadium,TERRACECLUB13,,,Other,
darrell k. royal - texas memorial stadium,TEXAS CLUB,,,Other,
darrell k. royal - texas memorial stadium,TEXAS CLUB 27,,,Other,
darrell k. royal - texas memorial stadium,TEXAS CLUB 27 C,,,Other,
darrell k. royal - texas memorial stadium,TEXAS CLUB 27C,,,Other,
darrell k. royal - texas memorial stadium,TEXAS CLUB 28,,,Other,
darrell k. royal - texas memorial stadium,TEXAS CLUB 28 C,,,Other,
darrell k. royal - texas memorial stadium,TEXAS CLUB 28C,,,Other,
darrell k. royal - texas memorial stadium,TEXAS CLUB 29,,,Other,
darrell k. royal - texas memorial stadium,TEXAS CLUB 29 C,,,Other,
darrell k. royal - texas memorial stadium,TEXAS CLUB 29C,,,Other,
darrell k. royal - texas memorial stadium,TEXAS CLUB 30,,,Other,
darrell k. royal - texas memorial stadium,TEXAS CLUB 30 C,,,Other,
darrell k. royal - texas memorial stadium,TEXAS CLUB 30C,,,Other,
darrell k. royal - texas memorial stadium,TOUCHDOWN CLUB,,,Other,
darrell k. royal - texas memorial stadium,TOUCHDOWN CLUB 13,,,Other,
darrell k. royal - texas memorial stadium,TOUCHDOWN CLUB 13 C,,,Other,
darrell k. royal - texas memorial stadium,TOUCHDOWN CLUB 14,,,Other,
darrell k. royal - texas memorial stadium,TOUCHDOWN CLUB 14 C,,,Other,
darrell k. royal - texas memorial stadium,TOUCHDOWN CLUB 14C,,,Other,
darrell k. royal - texas memorial stadium,TOUCHDOWN CLUB 15,,,Other,
darrell k. royal - texas memorial stadium,TOUCHDOWN CLUB 15 C,,,Other,
darrell k. royal - texas memorial stadium,TOUCHDOWN CLUB 15C,,,Other,
darrell k. royal - texas memorial stadium,TOUCHDOWN CLUB 16,,,Other,
darrell k. royal - texas memorial stadium,TOUCHDOWN CLUB 16 C,,,Other,
darrell k. royal - texas memorial stadium,TOUCHDOWN CLUB 16C,,,Other,
darrell k. royal - texas memorial stadium,TOUCHDOWN CLUB 17,,,Other,
darrell k. royal - texas memorial stadium,TOUCHDOWN CLUB 17 C,,,Other,
darrell k. royal - texas memorial stadium,TOUCHDOWN CLUB 17C,,,Other,
darrell k. royal - texas memorial stadium,TOUCHDOWN CLUB 18,,,Other,
darrell k. royal - texas memorial stadium,TOUCHDOWN CLUB 18 C,,,Other,
darrell k. royal - texas memorial stadium,TOUCHDOWN CLUB 18C,,,Other,
darrell k. royal - texas memorial stadium,TOUCHDOWN CLUB 19,,,Other,
darrell k. royal - texas memorial stadium,TOUCHDOWN CLUB 19 C,,,Other,
darrell k. royal - texas memorial stadium,TOUCHDOWN CLUB 19C,,,Other,
darrell k. royal - texas memorial stadium,TRINITY,,,Other,
darrell k. royal - texas memorial stadium,TRINITY GARAGE,,,Other,
darrell k. royal - texas memorial stadium,TRINITY PARKING,,,Other,
darrell k. royal - texas memorial stadium,UDE:128,,,Lower (100s),
darrell k. royal - texas memorial stadium,UDN:112,,,Lower (100s),
darrell k. royal - texas memorial stadium,UDN:113,,,Lower (100s),
darrell k. royal - texas memorial stadium,UDN:115,,,Lower (100s),
darrell k. royal - texas memorial stadium,UDN:117,,,Lower (100s),
darrell k. royal - texas memorial stadium,UDN:118,,,Lower (100s),
darrell k. royal - texas memorial stadium,UDN;112,,,Lower (100s),
darrell k. royal - texas memorial stadium,UDN;113,,,Lower (100s),
darrell k. royal - texas memorial stadium,UDN;117,,,Lower (100s),
darrell k. royal - texas memorial stadium,UDW:102,,,Lower (100s),
darrell k. royal - texas memorial stadium,UDW:103,,,Lower (100s),
darrell k. royal - texas memorial stadium,UDW:106,,,Lower (100s),
darrell k. royal - texas memorial stadium,UDW:108,,,Lower (100s),
darrell k. royal - texas memorial stadium,UDW:109,,,Lower (100s),
darrell k. royal - texas memorial stadium,UDW;108,,,Lower (100s),
darrell k. royal - texas memorial stadium,UPPER 101,,,Lower (100s),
darrell k. royal - texas memorial stadium,UPPER 102,,,Lower (100s),
darrell k. royal - texas memorial stadium,UPPER 103,,,Lower (100s),
darrell k. royal - texas memorial stadium,UPPER 104,,,Lower (100s),
darrell k. royal - texas memorial stadium,UPPER 105,,,Lower (100s),
darrell k. royal - texas memorial stadium,UPPER 106,,,Lower (100s),
darrell k. royal - texas memorial stadium,UPPER 107,,,Lower (100s),
darrell k. royal - texas memorial stadium,UPPER 108,,,Lower (100s),
darrell k. royal - texas memorial stadium,UPPER 109,,,Lower (100s),
darrell k. royal - texas memorial stadium,UPPER 111,,,Lower (100s),
darrell k. royal - texas memorial stadium,UPPER 112,,,Lower (100s),
darrell k. royal - texas memorial stadium,UPPER 113,,,Lower (100s),
darrell k. royal - texas memorial stadium,UPPER 114,,,Lower (100s),
darrell k. royal - texas memorial stadium,UPPER 115,,,Lower (100s),
darrell k. royal - texas memorial stadium,UPPER 116,,,Lower (100s),
darrell k. royal - texas memorial stadium,UPPER 117,,,Lower (100s),
darrell k. royal - texas memorial stadium,UPPER 118,,,Lower (100s),
darrell k. royal - texas memorial stadium,UPPER 119,,,Lower (100s),
darrell k. royal - texas memorial stadium,UPPER 120,,,Lower (100s),
darrell k. royal - texas memorial stadium,UPPER 121,,,Lower (100s),
darrell k. royal - texas memorial stadium,UPPER 122,,,Lower (100s),
darrell k. royal - texas memorial stadium,UPPER 123,,,Lower (100s),
darrell k. royal - texas memorial stadium,UPPER 124,,,Lower (100s),
darrell k. royal - texas memorial stadium,UPPER 125,,,Lower (100s),
darrell k. royal - texas memorial stadium,UPPER 126,,,Lower (100s),
darrell k. royal - texas memorial stadium,UPPER 127,,,Lower (100s),
darrell k. royal - texas memorial stadium,UPPER 128,,,Lower (100s),
darrell k. royal - texas memorial stadium,UPPER 129,,,Lower (100s),
darrell k. royal - texas memorial stadium,UPPER 130,,,Lower (100s),
darrell k. royal - texas memorial stadium,UPPER 131,,,Lower (100s),
darrell k. royal - texas memorial stadium,UPPER 132,,,Lower (100s),
darrell k. royal - texas memorial stadium,UPPER LEVEL,,,Other,
darrell k. royal - texas memorial stadium,UPPER SIDELINE,,,Other,
darrell k. royal - texas memorial stadium,,,,Cat A - Texas SL Between 30YL,1
darrell k. royal - texas memorial stadium,,,,Cat B - Visitor SL Between 30YL,2
darrell k. royal - texas memorial stadium,,,,Cat C - Texas SL 10-30YL,3
darrell k. royal - texas memorial stadium,,,,Cat D - Visitor SL 10-30YL,4
darrell k. royal - texas memorial stadium,,,,Club / Mezz (200s),6
darrell k. royal - texas memorial stadium,,,,Floor / GA,9
darrell k. royal - texas memorial stadium,,,,Lower (100s),5
darrell k. royal - texas memorial stadium,,,,Other,0
darrell k. royal - texas memorial stadium,,,,Upper (300s),8
darrell k. royal - texas memorial stadium,,,,Upper (400+),7
"empower field at mile high denver, co",100,,,Cat C - Lower Corner,
"empower field at mile high denver, co",101,,,Cat B - Broncos Lower Sideline,
"empower field at mile high denver, co",102,,,Cat B - Broncos Lower Sideline,
"empower field at mile high denver, co",103,,,Cat B - Broncos Lower Sideline,
"empower field at mile high denver, co",104,,,Cat A - Broncos Lower Center 3,
"empower field at mile high denver, co",105,,,Cat A - Broncos Lower Center 3,
"empower field at mile high denver, co",106,,,Cat A - Broncos Lower Center 3,
"empower field at mile high denver, co",107,,,Cat B - Broncos Lower Sideline,
"empower field at mile high denver, co",108,,,Cat B - Broncos Lower Sideline,
"empower field at mile high denver, co",109,,,Cat B - Broncos Lower Sideline,
"empower field at mile high denver, co",110,,,Cat C - Lower Corner,
"empower field at mile high denver, co",111,,,Cat D - Lower Endzone,
"empower field at mile high denver, co",112,,,Cat D - Lower Endzone,
"empower field at mile high denver, co",113,,,Cat D - Lower Endzone,
"empower field at mile high denver, co",114,,,Cat D - Lower Endzone,
"empower field at mile high denver, co",115,,,Cat D - Lower Endzone,
"empower field at mile high denver, co",116,,,Cat D - Lower Endzone,
"empower field at mile high denver, co",117,,,Cat D - Lower Endzone,
"empower field at mile high denver, co",118,,,Cat C - Lower Corner,
"empower field at mile high denver, co",119,,,Cat B1 - Visitors Lower Sideline,
"empower field at mile high denver, co",120,,,Cat B1 - Visitors Lower Sideline,
"empower field at mile high denver, co",121,,,Cat B1 - Visitors Lower Sideline,
"empower field at mile high denver, co",122,,,Cat A1 - Visitors Lower Center 3,
"empower field at mile high denver, co",123,,,Cat A1 - Visitors Lower Center 3,
"empower field at mile high denver, co",124,,,Cat A1 - Visitors Lower Center 3,
"empower field at mile high denver, co",125,,,Cat B1 - Visitors Lower Sideline,
"empower field at mile high denver, co",126,,,Cat B1 - Visitors Lower Sideline,
"empower field at mile high denver, co",127,,,Cat B1 - Visitors Lower Sideline,
"empower field at mile high denver, co",128,,,Cat C - Lower Corner,
"empower field at mile high denver, co",129,,,Cat D - Lower Endzone,
"empower field at mile high denver, co",130,,,Cat D - Lower Endzone,
"empower field at mile high denver, co",131,,,Cat D - Lower Endzone,
"empower field at mile high denver, co",132,,,Cat D - Lower Endzone,
"empower field at mile high denver, co",133,,,Cat D - Lower Endzone,
"empower field at mile high denver, co",134,,,Cat D - Lower Endzone,
"empower field at mile high denver, co",135,,,Cat D - Lower Endzone,
"empower field at mile high denver, co",136,,,Other - (Wrong Stadium/Category Listing),
"empower field at mile high denver, co",140,,,Other - (Wrong Stadium/Category Listing),
"empower field at mile high denver, co",141,,,Other - (Wrong Stadium/Category Listing),
"empower field at mile high denver, co",142,,,Other - (Wrong Stadium/Category Listing),
"empower field at mile high denver, co",1422 MARKET ST. - 1.1 MI FROM VENUE,,,Upper (400+),
"empower field at mile high denver, co",143,,,Other - (Wrong Stadium/Category Listing),
"empower field at mile high denver, co",144,,,Other - (Wrong Stadium/Category Listing),
"empower field at mile high denver, co",1442 5TH ST,,,Upper (400+),
"empower field at mile high denver, co",1442 5TH ST / 1MILES OVER A 22 MINS WALK,,,Upper (400+),
"empower field at mile high denver, co",145,,,Other - (Wrong Stadium/Category Listing),
"empower field at mile high denver, co",146,,,Other - (Wrong Stadium/Category Listing),
"empower field at mile high denver, co",147,,,Other - (Wrong Stadium/Category Listing),
"empower field at mile high denver, co",148,,,Other - (Wrong Stadium/Category Listing),
"empower field at mile high denver, co",149,,,Other - (Wrong Stadium/Category Listing),
"empower field at mile high denver, co",150,,,Other - (Wrong Stadium/Category Listing),
"empower field at mile high denver, co",1515 WYNKOOP ST / 1.5MILES OVER A 35 MINS WALK,,,Upper (400+),
"empower field at mile high denver, co",1515 WYNKOOP ST PARKING GARAGE,,,Upper (400+),
"empower field at mile high denver, co",1515 WYNKOOP ST. GARAGE - 1.1 MI FROM VENUE,,,Upper (400+),
"empower field at mile high denver, co",1530 PLATTE ST,,,Upper (400+),
"empower field at mile high denver, co",1530 PLATTE ST.,,,Upper (400+),
"empower field at mile high denver, co",1550 PLATTE ST.,,,Upper (400+),
"empower field at mile high denver, co",1550 PLATTE ST/1.2ML OVER A 27 MINS WALK,,,Upper (400+),
"empower field at mile high denver, co",1560 MARKET ST GARAGE,,,Upper (400+),
"empower field at mile high denver, co",200 LEVEL SUITE,,,Other,
"empower field at mile high denver, co",201,,,Other - (Wrong Stadium/Category Listing),
"empower field at mile high denver, co",202,,,Other - (Wrong Stadium/Category Listing),
"empower field at mile high denver, co",203,,,Other - (Wrong Stadium/Category Listing),
"empower field at mile high denver, co",204,,,Other - (Wrong Stadium/Category Listing),
"empower field at mile high denver, co",205,,,Other - (Wrong Stadium/Category Listing),
"empower field at mile high denver, co",206,,,Other - (Wrong Stadium/Category Listing),
"empower field at mile high denver, co",207,,,Other - (Wrong Stadium/Category Listing),
"empower field at mile high denver, co",208,,,Other - (Wrong Stadium/Category Listing),
"empower field at mile high denver, co",209,,,Other - (Wrong Stadium/Category Listing),
"empower field at mile high denver, co",210,,,Other - (Wrong Stadium/Category Listing),
"empower field at mile high denver, co",211,,,Other - (Wrong Stadium/Category Listing),
"empower field at mile high denver, co",212,,,Other - (Wrong Stadium/Category Listing),
"empower field at mile high denver, co",2121 CHILDREN'S MUSEUM DR,,,Upper (400+),
"empower field at mile high denver, co",213,,,Other - (Wrong Stadium/Category Listing),
"empower field at mile high denver, co",214,,,Other - (Wrong Stadium/Category Listing),
"empower field at mile high denver, co",215,,,Other - (Wrong Stadium/Category Listing),
"empower field at mile high denver, co",2150 W 29TH AVE.,,,Upper (400+),
"empower field at mile high denver, co",2150 W 29TH AVE/1.2ML OVER A 27 MINS WALK,,,Upper (400+),
"empower field at mile high denver, co",216,,,Other - (Wrong Stadium/Category Listing),
"empower field at mile high denver, co",217,,,Other - (Wrong Stadium/Category Listing),
"empower field at mile high denver, co",218,,,Other - (Wrong Stadium/Category Listing),
"empower field at mile high denver, co",219,,,Other - (Wrong Stadium/Category Listing),
"empower field at mile high denver, co",220,,,Other - (Wrong Stadium/Category Listing),
"empower field at mile high denver, co",221,,,Other - (Wrong Stadium/Category Listing),
"empower field at mile high denver, co",222,,,Other - (Wrong Stadium/Category Listing),
"empower field at mile high denver, co",223,,,Other - (Wrong Stadium/Category Listing),
"empower field at mile high denver, co",224,,,Other - (Wrong Stadium/Category Listing),
"empower field at mile high denver, co",225,,,Other - (Wrong Stadium/Category Listing),
"empower field at mile high denver, co",226,,,Other - (Wrong Stadium/Category Listing),
"empower field at mile high denver, co",227,,,Other - (Wrong Stadium/Category Listing),
"empower field at mile high denver, co",228,,,Cat G - 200s (Endzones),
"empower field at mile high denver, co",229,,,Cat G - 200s (Endzones),
"empower field at mile high denver, co",230,,,Cat G - 200s (Endzones),
"empower field at mile high denver, co",231,,,Cat G - 200s (Endzones),
"empower field at mile high denver, co",232,,,Cat G - 200s (Endzones),
"empower field at mile high denver, co",233,,,Cat G - 200s (Endzones),
"empower field at mile high denver, co",2332 15TH ST./1.2ML OVER A 27 MINS WALK,,,Upper (400+),
"empower field at mile high denver, co",234,,,Cat G - 200s (Endzones),
"empower field at mile high denver, co",235,,,Cat G - 200s (Endzones),
"empower field at mile high denver, co",236,,,Cat G - 200s (Endzones),
"empower field at mile high denver, co",237,,,Other - (Wrong Stadium/Category Listing),
"empower field at mile high denver, co",2375 15TH ST.,,,Upper (400+),
"empower field at mile high denver, co",2375 15TH ST. - 1.0 MI FROM VENUE,,,Upper (400+),
"empower field at mile high denver, co",2375 15TH ST/1.2ML OVER A 27 MINS WALK,,,Upper (400+),
"empower field at mile high denver, co",238,,,Other - (Wrong Stadium/Category Listing),
"empower field at mile high denver, co",239,,,Other - (Wrong Stadium/Category Listing),
"empower field at mile high denver, co",240,,,Other - (Wrong Stadium/Category Listing),
"empower field at mile high denver, co",2401 15TH ST/1.2ML A 27 MINS WALK FROM THE VENUE,,,Upper (400+),
"empower field at mile high denver, co",241,,,Other - (Wrong Stadium/Category Listing),
"empower field at mile high denver, co",242,,,Other - (Wrong Stadium/Category Listing),
"empower field at mile high denver, co",243,,,Other - (Wrong Stadium/Category Listing),
"empower field at mile high denver, co",244,,,Other - (Wrong Stadium/Category Listing),
"empower field at mile high denver, co",245,,,Other - (Wrong Stadium/Category Listing),
"empower field at mile high denver, co",246,,,Other - (Wrong Stadium/Category Listing),
"empower field at mile high denver, co",2500 W 26TH AVE - DIAMOND HILL LOT,,,Upper (400+),
"empower field at mile high denver, co",2500 W 26TH AVE.,,,Upper (400+),
"empower field at mile high denver, co",2868 VALLEJO ST.,,,Upper (400+),
"empower field at mile high denver, co",300,,,Cat F - Broncos Other Clubs,
"empower field at mile high denver, co",301,,,Cat F - Broncos Other Clubs,
"empower field at mile high denver, co",302,,,Cat F - Broncos Other Clubs,
"empower field at mile high denver, co",303,,,Cat F - Broncos Other Clubs,
"empower field at mile high denver, co",304,,,Cat F - Broncos Other Clubs,
"empower field at mile high denver, co",305,,,Cat F - Broncos Other Clubs,
"empower field at mile high denver, co",306,,,Cat F - Broncos Other Clubs,
"empower field at mile high denver, co",307,,,Cat E - Broncos Center Clubs,
"empower field at mile high denver, co",308,,,Cat E - Broncos Center Clubs,
"empower field at mile high denver, co",309,,,Cat E - Broncos Center Clubs,
"empower field at mile high denver, co",310,,,Cat E - Broncos Center Clubs,
"empower field at mile high denver, co",311,,,Cat E - Broncos Center Clubs,
"empower field at mile high denver, co",312,,,Cat F - Broncos Other Clubs,
"empower field at mile high denver, co",313,,,Cat F - Broncos Other Clubs,
"empower field at mile high denver, co",314,,,Cat F - Broncos Other Clubs,
"empower field at mile high denver, co",315,,,Cat F - Broncos Other Clubs,
"empower field at mile high denver, co",316,,,Cat H - 300s Non-Club,
"empower field at mile high denver, co",317,,,Cat H - 300s Non-Club,
"empower field at mile high denver, co",318,,,Cat H - 300s Non-Club,
"empower field at mile high denver, co",319,,,Cat H - 300s Non-Club,
"empower field at mile high denver, co",319 WALNUT ST DENVER CO,,,Upper (300s),
"empower field at mile high denver, co",319 WALNUT ST. - LOT,,,Upper (300s),
"empower field at mile high denver, co",320,,,Cat H - 300s Non-Club,
"empower field at mile high denver, co",321,,,Cat H - 300s Non-Club,
"empower field at mile high denver, co",322,,,Cat H - 300s Non-Club,
"empower field at mile high denver, co",323,,,Cat H - 300s Non-Club,
"empower field at mile high denver, co",324,,,Cat H - 300s Non-Club,
"empower field at mile high denver, co",325,,,Cat H - 300s Non-Club,
"empower field at mile high denver, co",326,,,Cat H - 300s Non-Club,
"empower field at mile high denver, co",327,,,Cat H - 300s Non-Club,
"empower field at mile high denver, co",328,,,Cat H - 300s Non-Club,
"empower field at mile high denver, co",329,,,Cat H - 300s Non-Club,
"empower field at mile high denver, co",330,,,Cat H - 300s Non-Club,
"empower field at mile high denver, co",331,,,Cat F1 - Visitors Other Clubs,
"empower field at mile high denver, co",332,,,Cat F1 - Visitors Other Clubs,
"empower field at mile high denver, co",333,,,Cat F1 - Visitors Other Clubs,
"empower field at mile high denver, co",334,,,Cat F1 - Visitors Other Clubs,
"empower field at mile high denver, co",335,,,Cat E1 - Visitors Center Clubs,
"empower field at mile high denver, co",336,,,Cat E1 - Visitors Center Clubs,
"empower field at mile high denver, co",337,,,Cat E1 - Visitors Center Clubs,
"empower field at mile high denver, co",338,,,Cat E1 - Visitors Center Clubs,
"empower field at mile high denver, co",339,,,Cat E1 - Visitors Center Clubs,
"empower field at mile high denver, co",340,,,Cat F1 - Visitors Other Clubs,
"empower field at mile high denver, co",341,,,Cat F1 - Visitors Other Clubs,
"empower field at mile high denver, co",342,,,Cat F1 - Visitors Other Clubs,
"empower field at mile high denver, co",343,,,Cat F1 - Visitors Other Clubs,
"empower field at mile high denver, co",344,,,Cat F1 - Visitors Other Clubs,
"empower field at mile high denver, co",345,,,Cat F1 - Visitors Other Clubs,
"empower field at mile high denver, co",346,,,Cat F1 - Visitors Other Clubs,
"empower field at mile high denver, co",403,,,Other - (Wrong Stadium/Category Listing),
"empower field at mile high denver, co",404,,,Other - (Wrong Stadium/Category Listing),
"empower field at mile high denver, co",405,,,Other - (Wrong Stadium/Category Listing),
"empower field at mile high denver, co",406,,,Other - (Wrong Stadium/Category Listing),
"empower field at mile high denver, co",407,,,Other - (Wrong Stadium/Category Listing),
"empower field at mile high denver, co",408,,,Other - (Wrong Stadium/Category Listing),
"empower field at mile high denver, co",409,,,Other - (Wrong Stadium/Category Listing),
"empower field at mile high denver, co",410,,,Other - (Wrong Stadium/Category Listing),
"empower field at mile high denver, co",411,,,Other - (Wrong Stadium/Category Listing),
"empower field at mile high denver, co",412,,,Other - (Wrong Stadium/Category Listing),
"empower field at mile high denver, co",413,,,Other - (Wrong Stadium/Category Listing),
"empower field at mile high denver, co",414,,,Other - (Wrong Stadium/Category Listing),
"empower field at mile high denver, co",415,,,Other - (Wrong Stadium/Category Listing),
"empower field at mile high denver, co",416,,,Other - (Wrong Stadium/Category Listing),
"empower field at mile high denver, co",430,,,Other - (Wrong Stadium/Category Listing),
"empower field at mile high denver, co",431,,,Other - (Wrong Stadium/Category Listing),
"empower field at mile high denver, co",432,,,Other - (Wrong Stadium/Category Listing),
"empower field at mile high denver, co",433,,,Other - (Wrong Stadium/Category Listing),
"empower field at mile high denver, co",434,,,Other - (Wrong Stadium/Category Listing),
"empower field at mile high denver, co",435,,,Other - (Wrong Stadium/Category Listing),
"empower field at mile high denver, co",436,,,Other - (Wrong Stadium/Category Listing),
"empower field at mile high denver, co",437,,,Other - (Wrong Stadium/Category Listing),
"empower field at mile high denver, co",438,,,Other - (Wrong Stadium/Category Listing),
"empower field at mile high denver, co",439,,,Other - (Wrong Stadium/Category Listing),
"empower field at mile high denver, co",440,,,Other - (Wrong Stadium/Category Listing),
"empower field at mile high denver, co",441,,,Other - (Wrong Stadium/Category Listing),
"empower field at mile high denver, co",442,,,Other - (Wrong Stadium/Category Listing),
"empower field at mile high denver, co",443,,,Other - (Wrong Stadium/Category Listing),
"empower field at mile high denver, co",500,,,Cat K - Upper Corner,
"empower field at mile high denver, co",500 WAZEE ST / 1MILES OVER A 22 MINS WALK,,,Upper (400+),
"empower field at mile high denver, co",500 WAZEE ST.,,,Upper (400+),
"empower field at mile high denver, co",501,,,Cat K - Upper Corner,
"empower field at mile high denver, co",502,,,Cat K - Upper Corner,
"empower field at mile high denver, co",503,,,Cat K - Upper Corner,
"empower field at mile high denver, co",504,,,Cat J - Broncos Upper Sideline,
"empower field at mile high denver, co",505,,,Cat J - Broncos Upper Sideline,
"empower field at mile high denver, co",506,,,Cat J - Broncos Upper Sideline,
"empower field at mile high denver, co",507,,,Cat I - Broncos Upper Center 3,
"empower field at mile high denver, co",508,,,Cat I - Broncos Upper Center 3,
"empower field at mile high denver, co",509,,,Cat I - Broncos Upper Center 3,
"empower field at mile high denver, co",510,,,Cat J - Broncos Upper Sideline,
"empower field at mile high denver, co",511,,,Cat J - Broncos Upper Sideline,
"empower field at mile high denver, co",512,,,Cat J - Broncos Upper Sideline,
"empower field at mile high denver, co",513,,,Cat K - Upper Corner,
"empower field at mile high denver, co",514,,,Cat K - Upper Corner,
"empower field at mile high denver, co",515,,,Cat K - Upper Corner,
"empower field at mile high denver, co",516,,,Cat K - Upper Corner,
"empower field at mile high denver, co",517,,,Cat L - Upper Endzone,
"empower field at mile high denver, co",518,,,Cat L - Upper Endzone,
"empower field at mile high denver, co",519,,,Cat L - Upper Endzone,
"empower field at mile high denver, co",520,,,Cat L - Upper Endzone,
"empower field at mile high denver, co",521,,,Cat L - Upper Endzone,
"empower field at mile high denver, co",522,,,Cat L - Upper Endzone,
"empower field at mile high denver, co",523,,,Cat L - Upper Endzone,
"empower field at mile high denver, co",524,,,Cat L - Upper Endzone,
"empower field at mile high denver, co",525,,,Cat L - Upper Endzone,
"empower field at mile high denver, co",526,,,Cat K - Upper Corner,
"empower field at mile high denver, co",527,,,Cat K - Upper Corner,
"empower field at mile high denver, co",528,,,Cat K - Upper Corner,
"empower field at mile high denver, co",529,,,Cat K - Upper Corner,
"empower field at mile high denver, co",530,,,Cat J1 - Visitors Upper Sideline,
"empower field at mile high denver, co",531,,,Cat J1 - Visitors Upper Sideline,
"empower field at mile high denver, co",532,,,Cat J1 - Visitors Upper Sideline,
"empower field at mile high denver, co",533,,,Cat I1 - Visitors Upper Center 3,
"empower field at mile high denver, co",534,,,Cat I1 - Visitors Upper Center 3,
"empower field at mile high denver, co",535,,,Cat I1 - Visitors Upper Center 3,
"empower field at mile high denver, co",536,,,Cat J1 - Visitors Upper Sideline,
"empower field at mile high denver, co",537,,,Cat J1 - Visitors Upper Sideline,
"empower field at mile high denver, co",538,,,Cat J1 - Visitors Upper Sideline,
"empower field at mile high denver, co",539,,,Cat K - Upper Corner,
"empower field at mile high denver, co",540,,,Cat K - Upper Corner,
"empower field at mile high denver, co",541,,,Cat K - Upper Corner,
"empower field at mile high denver, co",542,,,Cat K - Upper Corner,
"empower field at mile high denver, co",763 W 23RD AVE.,,,Upper (400+),
"empower field at mile high denver, co",A-VIP,,,Other,
"empower field at mile high denver, co",ADA135,,,Other - (Wrong Stadium/Category Listing),
"empower field at mile high denver, co",ADA322,,,Other - (Wrong Stadium/Category Listing),
"empower field at mile high denver, co",ADA325,,,Other - (Wrong Stadium/Category Listing),
"empower field at mile high denver, co",B-VIP,,,Other - (Wrong Stadium/Category Listing),
"empower field at mile high denver, co",BRONCOS PREMIUM,,,Other - (Wrong Stadium/Category Listing),
"empower field at mile high denver, co",BRONCOS SIDELINE,,,Other - (Wrong Stadium/Category Listing),
"empower field at mile high denver, co",BRYANT ST LOT,,,Other,
"empower field at mile high denver, co",BVALET,,,Other - (Wrong Stadium/Category Listing),
"empower field at mile high denver, co",C-VIP,,,Other - (Wrong Stadium/Category Listing),
"empower field at mile high denver, co",C107,,,Other - (Wrong Stadium/Category Listing),
"empower field at mile high denver, co",C108,,,Other - (Wrong Stadium/Category Listing),
"empower field at mile high denver, co",C109,,,Other - (Wrong Stadium/Category Listing),
"empower field at mile high denver, co",C110,,,Other - (Wrong Stadium/Category Listing),
"empower field at mile high denver, co",C111,,,Other - (Wrong Stadium/Category Listing),
"empower field at mile high denver, co",C112,,,Other - (Wrong Stadium/Category Listing),
"empower field at mile high denver, co",C134,,,Other - (Wrong Stadium/Category Listing),
"empower field at mile high denver, co",C135,,,Other - (Wrong Stadium/Category Listing),
"empower field at mile high denver, co",C136,,,Other - (Wrong Stadium/Category Listing),
"empower field at mile high denver, co",C137,,,Other - (Wrong Stadium/Category Listing),
"empower field at mile high denver, co",C138,,,Other - (Wrong Stadium/Category Listing),
"empower field at mile high denver, co",C139,,,Other - (Wrong Stadium/Category Listing),
"empower field at mile high denver, co",CHILDRENS MUSEUM PARKING LOT,,,Other,
"empower field at mile high denver, co",CLUB 300,,,Cat F - Broncos Other Clubs,
"empower field at mile high denver, co",CLUB 301,,,Cat F - Broncos Other Clubs,
"empower field at mile high denver, co",CLUB 302,,,Cat F - Broncos Other Clubs,
"empower field at mile high denver, co",CLUB 303,,,Cat F - Broncos Other Clubs,
"empower field at mile high denver, co",CLUB 304,,,Cat F - Broncos Other Clubs,
"empower field at mile high denver, co",CLUB 305,,,Cat F - Broncos Other Clubs,
"empower field at mile high denver, co",CLUB 306,,,Cat F - Broncos Other Clubs,
"empower field at mile high denver, co",CLUB 307,,,Cat E - Broncos Center Clubs,
"empower field at mile high denver, co",CLUB 308,,,Cat E - Broncos Center Clubs,
"empower field at mile high denver, co",CLUB 309,,,Cat E - Broncos Center Clubs,
"empower field at mile high denver, co",CLUB 310,,,Cat E - Broncos Center Clubs,
"empower field at mile high denver, co",CLUB 311,,,Cat E - Broncos Center Clubs,
"empower field at mile high denver, co",CLUB 312,,,Cat F - Broncos Other Clubs,
"empower field at mile high denver, co",CLUB 313,,,Cat F - Broncos Other Clubs,
"empower field at mile high denver, co",CLUB 314,,,Cat F - Broncos Other Clubs,
"empower field at mile high denver, co",CLUB 315,,,Cat F - Broncos Other Clubs,
"empower field at mile high denver, co",CLUB 331,,,Cat F1 - Visitors Other Clubs,
"empower field at mile high denver, co",CLUB 332,,,Cat F1 - Visitors Other Clubs,
"empower field at mile high denver, co",CLUB 333,,,Cat F1 - Visitors Other Clubs,
"empower field at mile high denver, co",CLUB 334,,,Cat F1 - Visitors Other Clubs,
"empower field at mile high denver, co",CLUB 335,,,Cat E1 - Visitors Center Clubs,
"empower field at mile high denver, co",CLUB 336,,,Cat E1 - Visitors Center Clubs,
"empower field at mile high denver, co",CLUB 337,,,Cat E1 - Visitors Center Clubs,
"empower field at mile high denver, co",CLUB 338,,,Cat E1 - Visitors Center Clubs,
"empower field at mile high denver, co",CLUB 339,,,Cat E1 - Visitors Center Clubs,
"empower field at mile high denver, co",CLUB 340,,,Cat F1 - Visitors Other Clubs,
"empower field at mile high denver, co",CLUB 341,,,Cat F1 - Visitors Other Clubs,
"empower field at mile high denver, co",CLUB 342,,,Cat F1 - Visitors Other Clubs,
"empower field at mile high denver, co",CLUB 343,,,Cat F1 - Visitors Other Clubs,
"empower field at mile high denver, co",CLUB 344,,,Cat F1 - Visitors Other Clubs,
"empower field at mile high denver, co",CLUB 345,,,Cat F1 - Visitors Other Clubs,
"empower field at mile high denver, co",CLUB 346,,,Cat F1 - Visitors Other Clubs,
"empower field at mile high denver, co",CLUB LEVEL,,,Other - (Wrong Stadium/Category Listing),
"empower field at mile high denver, co",CLUB PREMIUM,,,Other - (Wrong Stadium/Category Listing),
"empower field at mile high denver, co",D-VIP,,,Other - (Wrong Stadium/Category Listing),
"empower field at mile high denver, co",DELUXE HOTEL,,,Other - (Wrong Stadium/Category Listing),
"empower field at mile high denver, co",DENVER AQUARIUM PARKING LOT,,,Other,
"empower field at mile high denver, co",DIAMOND HILL LOT,,,Other,
"empower field at mile high denver, co",E,,,Other - (Wrong Stadium/Category Listing),
"empower field at mile high denver, co",F,,,Other - (Wrong Stadium/Category Listing),
"empower field at mile high denver, co",FIELD LEVEL,,,Other - (Wrong Stadium/Category Listing),
"empower field at mile high denver, co",G-VIP,,,Other - (Wrong Stadium/Category Listing),
"empower field at mile high denver, co",H,,,Other - (Wrong Stadium/Category Listing),
"empower field at mile high denver, co",I-VIP,,,Other - (Wrong Stadium/Category Listing),
"empower field at mile high denver, co",J-VIP,,,Other - (Wrong Stadium/Category Listing),
"empower field at mile high denver, co",LARIMER SQUARE GARAGE,,,Other,
"empower field at mile high denver, co",LOT E,,,Other,
"empower field at mile high denver, co",LOT F,,,Other,
"empower field at mile high denver, co",LOT G-VIP,,,Other,
"empower field at mile high denver, co",LOT H,,,Other - (Wrong Stadium/Category Listing),
"empower field at mile high denver, co",LOT M,,,Other,
"empower field at mile high denver, co",LOT R,,,Other,
"empower field at mile high denver, co",LOT VIP D,,,Other,
"empower field at mile high denver, co",LOT W,,,Other,
"empower field at mile high denver, co",LOTW,,,Other,
"empower field at mile high denver, co",M,,,Other - (Wrong Stadium/Category Listing),
"empower field at mile high denver, co",MIDDLE LEVEL,,,Other - (Wrong Stadium/Category Listing),
"empower field at mile high denver, co",PARKING LOT E,,,Other,
"empower field at mile high denver, co",PARKING LOT G,,,Other,
"empower field at mile high denver, co",PARKING LOT VIP I,,,Other,
"empower field at mile high denver, co",PARKING LOT W,,,Other,
"empower field at mile high denver, co",PLATTE 15 GARAGE,,,Other,
"empower field at mile high denver, co",PLATTE 15 GARAGE/1.2ML OVER A 27 MINS WALK,,,Other,
"empower field at mile high denver, co",PREGAME TAILGATE,,,Other - (Wrong Stadium/Category Listing),
"empower field at mile high denver, co",R,,,Other - (Wrong Stadium/Category Listing),
"empower field at mile high denver, co",R-RV,,,Other - (Wrong Stadium/Category Listing),
"empower field at mile high denver, co",RIVERPOINT LOT/1.2ML OVER A 27 MINS WALK,,,Other,
"empower field at mile high denver, co",UPPER LEVEL,,,Other - (Wrong Stadium/Category Listing),
"empower field at mile high denver, co",UPPER SIDELINE,,,Other - (Wrong Stadium/Category Listing),
"empower field at mile high denver, co",VALET LOT B,,,Other,
"empower field at mile high denver, co",VIP LOT C,,,Other,
"empower field at mile high denver, co",VIP LOT D,,,Other,
"empower field at mile high denver, co",VIP LOT G,,,Other,
"empower field at mile high denver, co",VIP LOT I,,,Other,
"empower field at mile high denver, co",VIP LOT J,,,Other,
"empower field at mile high denver, co",VISITORS PREMIUM,,,Other - (Wrong Stadium/Category Listing),
"empower field at mile high denver, co",VISITORS SIDELINE,,,Other - (Wrong Stadium/Category Listing),
"empower field at mile high denver, co",WHEELER BLOCK LOT,,,Other,
"empower field at mile high denver, co",WHEELER BLOCK LOT/1.2ML OVER A 27 MINS WALK,,,Other,
"empower field at mile high denver, co",Y,,,Other,
"empower field at mile high denver, co",,,,Cat A - Broncos Lower Center 3,6
"empower field at mile high denver, co",,,,Cat A1 - Visitors Lower Center 3,24
"empower field at mile high denver, co",,,,Cat B - Broncos Lower Sideline,7
"empower field at mile high denver, co",,,,Cat B1 - Visitors Lower Sideline,25
"empower field at mile high denver, co",,,,Cat C - Lower Corner,8
"empower field at mile high denver, co",,,,Cat D - Lower Endzone,9
"empower field at mile high denver, co",,,,Cat E - Broncos Center Clubs,10
"empower field at mile high denver, co",,,,Cat E1 - Visitors Center Clubs,26
"empower field at mile high denver, co",,,,Cat F - Broncos Other Clubs,11
"empower field at mile high denver, co",,,,Cat F1 - Visitors Other Clubs,27
"empower field at mile high denver, co",,,,Cat G - 200s (Endzones),12
"empower field at mile high denver, co",,,,Cat H - 300s Non-Club,13
"empower field at mile high denver, co",,,,Cat I - Broncos Upper Center 3,14
"empower field at mile high denver, co",,,,Cat I1 - Visitors Upper Center 3,28
"empower field at mile high denver, co",,,,Cat J - Broncos Upper Sideline,15
"empower field at mile high denver, co",,,,Cat J1 - Visitors Upper Sideline,29
"empower field at mile high denver, co",,,,Cat K - Upper Corner,16
"empower field at mile high denver, co",,,,Cat L - Upper Endzone,17
"empower field at mile high denver, co",,,,Club / Mezz (200s),32
"empower field at mile high denver, co",,,,Lower (100s),34
"empower field at mile high denver, co",,,,Other,30
"empower field at mile high denver, co",,,,Other - (Wrong Stadium/Category Listing),18
"empower field at mile high denver, co",,,,Upper (300s),33
"empower field at mile high denver, co",,,,Upper (400+),31
faurot field at memorial stadium,1,,,Other,
faurot field at memorial stadium,101,,,Cat D - Away Sideline Corners,
faurot field at memorial stadium,102,,,Cat D - Away Sideline Corners,
faurot field at memorial stadium,103,,,Cat D - Away Sideline Corners,
faurot field at memorial stadium,104,,,Cat B - Away Sideline Middle,
faurot field at memorial stadium,105,,,Cat B - Away Sideline Middle,
faurot field at memorial stadium,106,,,Cat B - Away Sideline Middle,
faurot field at memorial stadium,107,,,Cat B - Away Sideline Middle,
faurot field at memorial stadium,108,,,Cat D - Away Sideline Corners,
faurot field at memorial stadium,116,,,Cat C - Home Sideline Corners,
faurot field at memorial stadium,117,,,Cat C - Home Sideline Corners,
faurot field at memorial stadium,118,,,Cat C - Home Sideline Corners,
faurot field at memorial stadium,119,,,Cat A - Home Sideline Middle,
faurot field at memorial stadium,120,,,Cat A - Home Sideline Middle,
faurot field at memorial stadium,121,,,Cat A - Home Sideline Middle,
faurot field at memorial stadium,122,,,Cat A - Home Sideline Middle,
faurot field at memorial stadium,123,,,Cat C - Home Sideline Corners,
faurot field at memorial stadium,124,,,Cat C - Home Sideline Corners,
faurot field at memorial stadium,125,,,Cat C - Home Sideline Corners,
faurot field at memorial stadium,126,,,Cat F - South Endzone,
faurot field at memorial stadium,127,,,Cat F - South Endzone,
faurot field at memorial stadium,128,,,Cat F - South Endzone,
faurot field at memorial stadium,129,,,Cat F - South Endzone,
faurot field at memorial stadium,130,,,Cat F - South Endzone,
faurot field at memorial stadium,131,,,Cat F - South Endzone,
faurot field at memorial stadium,132,,,Cat F - South Endzone,
faurot field at memorial stadium,14,,,Other,
faurot field at memorial stadium,14 D,,,Other,
faurot field at memorial stadium,15,,,Other,
faurot field at memorial stadium,16,,,Other,
faurot field at memorial stadium,16 A,,,Other,
faurot field at memorial stadium,16 B,,,Other,
faurot field at memorial stadium,16 B 1,,,Other,
faurot field at memorial stadium,16 B 2,,,Other,
faurot field at memorial stadium,16 C,,,Other,
faurot field at memorial stadium,16A,,,Other,
faurot field at memorial stadium,16B,,,Other,
faurot field at memorial stadium,16B1,,,Other,
faurot field at memorial stadium,16B2,,,Other,
faurot field at memorial stadium,16C,,,Other,
faurot field at memorial stadium,17,,,Other,
faurot field at memorial stadium,18,,,Other,
faurot field at memorial stadium,19,,,Other,
faurot field at memorial stadium,2,,,Other,
faurot field at memorial stadium,20,,,Other,
faurot field at memorial stadium,201,,,Club / Mezz (200s),
faurot field at memorial stadium,202,,,Club / Mezz (200s),
faurot field at memorial stadium,203,,,Club / Mezz (200s),
faurot field at memorial stadium,204,,,Club / Mezz (200s),
faurot field at memorial stadium,205,,,Club / Mezz (200s),
faurot field at memorial stadium,205L,,,Club / Mezz (200s),
faurot field at memorial stadium,206,,,Club / Mezz (200s),
faurot field at memorial stadium,207,,,Club / Mezz (200s),
faurot field at memorial stadium,208,,,Club / Mezz (200s),
faurot field at memorial stadium,209,,,Club / Mezz (200s),
faurot field at memorial stadium,209L,,,Club / Mezz (200s),
faurot field at memorial stadium,21,,,Other,
faurot field at memorial stadium,210,,,Club / Mezz (200s),
faurot field at memorial stadium,211,,,Club / Mezz (200s),
faurot field at memorial stadium,216,,,Club / Mezz (200s),
faurot field at memorial stadium,217,,,Other,
faurot field at memorial stadium,218L,,,Club / Mezz (200s),
faurot field at memorial stadium,22,,,Other,
faurot field at memorial stadium,221,,,Club / Mezz (200s),
faurot field at memorial stadium,222,,,Club / Mezz (200s),
faurot field at memorial stadium,223,,,Club / Mezz (200s),
faurot field at memorial stadium,224,,,Club / Mezz (200s),
faurot field at memorial stadium,225,,,Club / Mezz (200s),
faurot field at memorial stadium,226,,,Club / Mezz (200s),
faurot field at memorial stadium,227,,,Club / Mezz (200s),
faurot field at memorial stadium,228,,,Club / Mezz (200s),
faurot field at memorial stadium,229,,,Club / Mezz (200s),
faurot field at memorial stadium,23,,,Other,
faurot field at memorial stadium,230,,,Club / Mezz (200s),
faurot field at memorial stadium,231,,,Club / Mezz (200s),
faurot field at memorial stadium,24,,,Other,
faurot field at memorial stadium,25,,,Other,
faurot field at memorial stadium,26,,,Other,
faurot field at memorial stadium,27,,,Other,
faurot field at memorial stadium,28,,,Other,
faurot field at memorial stadium,29,,,Other,
faurot field at memorial stadium,3,,,Other,
faurot field at memorial stadium,30,,,Other,
faurot field at memorial stadium,301,,,Upper (300s),
faurot field at memorial stadium,302,,,Upper (300s),
faurot field at memorial stadium,303,,,Cat G - Upper 300s,
faurot field at memorial stadium,304,,,Cat G - Upper 300s,
faurot field at memorial stadium,305,,,Cat G - Upper 300s,
faurot field at memorial stadium,306,,,Cat G - Upper 300s,
faurot field at memorial stadium,307,,,Cat G - Upper 300s,
faurot field at memorial stadium,308,,,Cat G - Upper 300s,
faurot field at memorial stadium,309,,,Cat G - Upper 300s,
faurot field at memorial stadium,31,,,Other,
faurot field at memorial stadium,310,,,Cat G - Upper 300s,
faurot field at memorial stadium,311,,,Cat G - Upper 300s,
faurot field at memorial stadium,312,,,Cat G - Upper 300s,
faurot field at memorial stadium,313,,,Cat G - Upper 300s,
faurot field at memorial stadium,314,,,Upper (300s),
faurot field at memorial stadium,315,,,Upper (300s),
faurot field at memorial stadium,32,,,Other,
faurot field at memorial stadium,322,,,Upper (300s),
faurot field at memorial stadium,324,,,Upper (300s),
faurot field at memorial stadium,33,,,Other,
faurot field at memorial stadium,34,,,Other,
faurot field at memorial stadium,35,,,Other,
faurot field at memorial stadium,36,,,Other,
faurot field at memorial stadium,36 A,,,Other,
faurot field at memorial stadium,36 B,,,Other,
faurot field at memorial stadium,36 C,,,Other,
faurot field at memorial stadium,36A,,,Other,
faurot field at memorial stadium,36B,,,Other,
faurot field at memorial stadium,36C,,,Other,
faurot field at memorial stadium,37,,,Other,
faurot field at memorial stadium,38,,,Other,
faurot field at memorial stadium,39,,,Other,
faurot field at memorial stadium,4,,,Other,
faurot field at memorial stadium,40,,,Other,
faurot field at memorial stadium,402,,,Upper (400+),
faurot field at memorial stadium,403,,,Upper (400+),
faurot field at memorial stadium,404,,,Upper (400+),
faurot field at memorial stadium,405,,,Upper (400+),
faurot field at memorial stadium,406,,,Upper (400+),
faurot field at memorial stadium,407,,,Upper (400+),
faurot field at memorial stadium,408,,,Upper (400+),
faurot field at memorial stadium,409,,,Upper (400+),
faurot field at memorial stadium,41,,,Other,
faurot field at memorial stadium,411,,,Upper (400+),
faurot field at memorial stadium,413,,,Upper (400+),
faurot field at memorial stadium,5,,,Other,
faurot field at memorial stadium,6,,,Other,
faurot field at memorial stadium,601,,,Upper (400+),
faurot field at memorial stadium,602,,,Upper (400+),
faurot field at memorial stadium,603,,,Upper (400+),
faurot field at memorial stadium,604,,,Upper (400+),
faurot field at memorial stadium,605,,,Upper (400+),
faurot field at memorial stadium,606,,,Upper (400+),
faurot field at memorial stadium,607,,,Upper (400+),
faurot field at memorial stadium,608,,,Upper (400+),
faurot field at memorial stadium,609,,,Upper (400+),
faurot field at memorial stadium,610,,,Upper (400+),
faurot field at memorial stadium,611,,,Upper (400+),
faurot field at memorial stadium,612,,,Upper (400+),
faurot field at memorial stadium,613,,,Upper (400+),
faurot field at memorial stadium,7,,,Other,
faurot field at memorial stadium,8,,,Other,
faurot field at memorial stadium,BOB LEMONE TIGER LOUNGE,,,Other,
faurot field at memorial stadium,CHAMPIONS CLUB,,,Other,
faurot field at memorial stadium,CLUB 207,,,Club / Mezz (200s),
faurot field at memorial stadium,CLUB 209,,,Club / Mezz (200s),
faurot field at memorial stadium,CLUB 324,,,Upper (300s),
faurot field at memorial stadium,CLUB LEVEL 201,,,Club / Mezz (200s),
faurot field at memorial stadium,CLUB LEVEL 202,,,Club / Mezz (200s),
faurot field at memorial stadium,CLUB LEVEL 203,,,Club / Mezz (200s),
faurot field at memorial stadium,CLUB LEVEL 204,,,Club / Mezz (200s),
faurot field at memorial stadium,CLUB LEVEL 205,,,Club / Mezz (200s),
faurot field at memorial stadium,CLUB LEVEL 206,,,Club / Mezz (200s),
faurot field at memorial stadium,CLUB LEVEL 207,,,Club / Mezz (200s),
faurot field at memorial stadium,CLUB LEVEL 208,,,Club / Mezz (200s),
faurot field at memorial stadium,CLUB LEVEL 209,,,Club / Mezz (200s),
faurot field at memorial stadium,CLUB LEVEL 210,,,Club / Mezz (200s),
faurot field at memorial stadium,CLUB LEVEL 211,,,Club / Mezz (200s),
faurot field at memorial stadium,CLUB LEVEL 221,,,Club / Mezz (200s),
faurot field at memorial stadium,CLUB LEVEL 222,,,Club / Mezz (200s),
faurot field at memorial stadium,CLUB LEVEL 223,,,Club / Mezz (200s),
faurot field at memorial stadium,CLUB LEVEL 224,,,Club / Mezz (200s),
faurot field at memorial stadium,CLUB LEVEL 225,,,Club / Mezz (200s),
faurot field at memorial stadium,CLUB LEVEL 226,,,Club / Mezz (200s),
faurot field at memorial stadium,CLUB LEVEL 227,,,Club / Mezz (200s),
faurot field at memorial stadium,CLUB LEVEL 228,,,Club / Mezz (200s),
faurot field at memorial stadium,CLUB LEVEL 229,,,Club / Mezz (200s),
faurot field at memorial stadium,CLUB LEVEL 230,,,Club / Mezz (200s),
faurot field at memorial stadium,CLUB LEVEL 231,,,Club / Mezz (200s),
faurot field at memorial stadium,CLUB LEVEL 322,,,Upper (300s),
faurot field at memorial stadium,CLUB LEVEL 324,,,Upper (300s),
faurot field at memorial stadium,CLUB LEVEL 402,,,Upper (400+),
faurot field at memorial stadium,CLUB LEVEL 403,,,Upper (400+),
faurot field at memorial stadium,CLUB LEVEL 404,,,Upper (400+),
faurot field at memorial stadium,CLUB LEVEL 405,,,Upper (400+),
faurot field at memorial stadium,CLUB LEVEL 406,,,Upper (400+),
faurot field at memorial stadium,CLUB LEVEL 407,,,Upper (400+),
faurot field at memorial stadium,CLUB LEVEL 408,,,Upper (400+),
faurot field at memorial stadium,CLUB LEVEL 409,,,Upper (400+),
faurot field at memorial stadium,CLUB LEVEL 411,,,Upper (400+),
faurot field at memorial stadium,CLUB LEVEL 413,,,Upper (400+),
faurot field at memorial stadium,EAST TOWER PREMIUM SEATING 312,,,Upper (300s),
faurot field at memorial stadium,ENDZONE 14,,,Other,
faurot field at memorial stadium,ENDZONE 15,,,Other,
faurot field at memorial stadium,ENDZONE 16,,,Other,
faurot field at memorial stadium,ENDZONE 16A,,,Other,
faurot field at memorial stadium,ENDZONE 16B1,,,Other,
faurot field at memorial stadium,ENDZONE 16B2,,,Other,
faurot field at memorial stadium,ENDZONE 16C,,,Other,
faurot field at memorial stadium,ENDZONE 17,,,Other,
faurot field at memorial stadium,ENDZONE 18,,,Other,
faurot field at memorial stadium,ENDZONE 19,,,Other,
faurot field at memorial stadium,ENDZONE 20,,,Other,
faurot field at memorial stadium,ENDZONE 32,,,Other,
faurot field at memorial stadium,ENDZONE 33,,,Other,
faurot field at memorial stadium,ENDZONE 34,,,Other,
faurot field at memorial stadium,ENDZONE 35,,,Other,
faurot field at memorial stadium,ENDZONE 36,,,Other,
faurot field at memorial stadium,ENDZONE 36A,,,Other,
faurot field at memorial stadium,ENDZONE 36B,,,Other,
faurot field at memorial stadium,ENDZONE 36C,,,Other,
faurot field at memorial stadium,ENDZONE 37,,,Other,
faurot field at memorial stadium,ENDZONE 38,,,Other,
faurot field at memorial stadium,ENDZONE 39,,,Other,
faurot field at memorial stadium,ENDZONE 40,,,Other,
faurot field at memorial stadium,ENDZONE 41,,,Other,
faurot field at memorial stadium,GA,,,Floor / GA,
faurot field at memorial stadium,GA HILL SRO,,,Floor / GA,
faurot field at memorial stadium,HILL,,,Other,
faurot field at memorial stadium,HILL - GENERAL ADMISSION,,,Cat E - The Hill,
faurot field at memorial stadium,HILL GENERAL ADMISSION,,,Floor / GA,
faurot field at memorial stadium,HILL SRO,,,Other,
faurot field at memorial stadium,HILL1,,,Other,
faurot field at memorial stadium,LOT G,,,Other,
faurot field at memorial stadium,LOT H,,,Other,
faurot field at memorial stadium,LOT I,,,Other,
faurot field at memorial stadium,LOT L,,,Other,
faurot field at memorial stadium,LOT M,,,Other,
faurot field at memorial stadium,LOT N,,,Other,
faurot field at memorial stadium,LOT P,,,Other,
faurot field at memorial stadium,LOT PS7,,,Other,
faurot field at memorial stadium,LOT Q,,,Other,
faurot field at memorial stadium,LOT T,,,Other,
faurot field at memorial stadium,LOT U,,,Other,
faurot field at memorial stadium,LOT X,,,Other,
faurot field at memorial stadium,LOT Y,,,Other,
faurot field at memorial stadium,LOTH,,,Other,
faurot field at memorial stadium,LOTN,,,Other,
faurot field at memorial stadium,LOTP,,,Other,
faurot field at memorial stadium,LOTQ,,,Other,
faurot field at memorial stadium,LOTT,,,Other,
faurot field at memorial stadium,LOTX,,,Other,
faurot field at memorial stadium,LOTY,,,Other,
faurot field at memorial stadium,LOWER PREMIUM,,,Other,
faurot field at memorial stadium,LOWER SIDELINE,,,Other,
faurot field at memorial stadium,MC1,,,Other,
faurot field at memorial stadium,MC2,,,Other,
faurot field at memorial stadium,MC3,,,Other,
faurot field at memorial stadium,MC4,,,Other,
faurot field at memorial stadium,MC5,,,Other,
faurot field at memorial stadium,MC6,,,Other,
faurot field at memorial stadium,MIDFIELD 105,,,Lower (100s),
faurot field at memorial stadium,MIDFIELD 106,,,Lower (100s),
faurot field at memorial stadium,MIDFIELD 120,,,Lower (100s),
faurot field at memorial stadium,MIDFIELD 121,,,Lower (100s),
faurot field at memorial stadium,NCLUB,,,Other,
faurot field at memorial stadium,NCONLG,,,Other,
faurot field at memorial stadium,NORTH CLUB,,,Other,
faurot field at memorial stadium,NORTH CONCOURSE LOGE,,,Other,
faurot field at memorial stadium,PARKING LOT G,,,Other,
faurot field at memorial stadium,PARKING LOT H,,,Other,
faurot field at memorial stadium,PARKING LOT U,,,Other,
faurot field at memorial stadium,PARKING LOT X,,,Other,
faurot field at memorial stadium,PARKING LOT Y,,,Other,
faurot field at memorial stadium,PREGAME TAILGATE,,,Other,
faurot field at memorial stadium,PREMIUM 302,,,Upper (300s),
faurot field at memorial stadium,PREMIUM 303,,,Upper (300s),
faurot field at memorial stadium,PREMIUM 304,,,Upper (300s),
faurot field at memorial stadium,PREMIUM 305,,,Upper (300s),
faurot field at memorial stadium,PREMIUM 306,,,Upper (300s),
faurot field at memorial stadium,PREMIUM 307,,,Upper (300s),
faurot field at memorial stadium,PREMIUM 308,,,Upper (300s),
faurot field at memorial stadium,PREMIUM 309,,,Upper (300s),
faurot field at memorial stadium,PREMIUM 310,,,Upper (300s),
faurot field at memorial stadium,PREMIUM 311,,,Upper (300s),
faurot field at memorial stadium,PREMIUM 312,,,Upper (300s),
faurot field at memorial stadium,PREMIUM 313,,,Upper (300s),
faurot field at memorial stadium,PS7,,,Other,
faurot field at memorial stadium,PS7 GARAGE,,,Other,
faurot field at memorial stadium,RESERVED 101,,,Lower (100s),
faurot field at memorial stadium,RESERVED 102,,,Lower (100s),
faurot field at memorial stadium,RESERVED 103,,,Lower (100s),
faurot field at memorial stadium,RESERVED 104,,,Lower (100s),
faurot field at memorial stadium,RESERVED 105,,,Lower (100s),
faurot field at memorial stadium,RESERVED 106,,,Lower (100s),
faurot field at memorial stadium,RESERVED 116,,,Lower (100s),
faurot field at memorial stadium,RESERVED 117,,,Lower (100s),
faurot field at memorial stadium,RESERVED 118,,,Lower (100s),
faurot field at memorial stadium,RESERVED 119,,,Lower (100s),
faurot field at memorial stadium,RESERVED 120,,,Lower (100s),
faurot field at memorial stadium,RESERVED 121,,,Lower (100s),
faurot field at memorial stadium,RESERVED 122,,,Lower (100s),
faurot field at memorial stadium,RESERVED 123,,,Lower (100s),
faurot field at memorial stadium,RESERVED 124,,,Lower (100s),
faurot field at memorial stadium,RESERVED 125,,,Lower (100s),
faurot field at memorial stadium,ROCK M LOGE,,,Other,
faurot field at memorial stadium,ROCKLG,,,Other,
faurot field at memorial stadium,SIDELINE 1,,,Other,
faurot field at memorial stadium,SIDELINE 101,,,Lower (100s),
faurot field at memorial stadium,SIDELINE 102,,,Lower (100s),
faurot field at memorial stadium,SIDELINE 103,,,Lower (100s),
faurot field at memorial stadium,SIDELINE 104,,,Lower (100s),
faurot field at memorial stadium,SIDELINE 116,,,Lower (100s),
faurot field at memorial stadium,SIDELINE 117,,,Lower (100s),
faurot field at memorial stadium,SIDELINE 118,,,Lower (100s),
faurot field at memorial stadium,SIDELINE 119,,,Lower (100s),
faurot field at memorial stadium,SIDELINE 122,,,Lower (100s),
faurot field at memorial stadium,SIDELINE 123,,,Lower (100s),
faurot field at memorial stadium,SIDELINE 124,,,Lower (100s),
faurot field at memorial stadium,SIDELINE 125,,,Lower (100s),
faurot field at memorial stadium,SIDELINE 126,,,Lower (100s),
faurot field at memorial stadium,SIDELINE 127,,,Lower (100s),
faurot field at memorial stadium,SIDELINE 128,,,Lower (100s),
faurot field at memorial stadium,SIDELINE 129,,,Lower (100s),
faurot field at memorial stadium,SIDELINE 130,,,Lower (100s),
faurot field at memorial stadium,SIDELINE 131,,,Lower (100s),
faurot field at memorial stadium,SIDELINE 132,,,Lower (100s),
faurot field at memorial stadium,SIDELINE 2,,,Other,
faurot field at memorial stadium,SIDELINE 21,,,Other,
faurot field at memorial stadium,SIDELINE 22,,,Other,
faurot field at memorial stadium,SIDELINE 23,,,Other,
faurot field at memorial stadium,SIDELINE 24,,,Other,
faurot field at memorial stadium,SIDELINE 25,,,Other,
faurot field at memorial stadium,SIDELINE 26,,,Other,
faurot field at memorial stadium,SIDELINE 27,,,Other,
faurot field at memorial stadium,SIDELINE 28,,,Other,
faurot field at memorial stadium,SIDELINE 29,,,Other,
faurot field at memorial stadium,SIDELINE 3,,,Other,
faurot field at memorial stadium,SIDELINE 30,,,Other,
faurot field at memorial stadium,SIDELINE 31,,,Other,
faurot field at memorial stadium,SIDELINE 4,,,Other,
faurot field at memorial stadium,SIDELINE 5,,,Other,
faurot field at memorial stadium,SIDELINE 6,,,Other,
faurot field at memorial stadium,SIDELINE 7,,,Other,
faurot field at memorial stadium,SIDELINE 8,,,Other,
faurot field at memorial stadium,SOUTH ZONE CLUB 1,,,Other,
faurot field at memorial stadium,SOUTH ZONE CLUB 2,,,Other,
faurot field at memorial stadium,SOUTH ZONE CLUB 3,,,Other,
faurot field at memorial stadium,SOUTH ZONE CLUB 4,,,Other,
faurot field at memorial stadium,SOUTH ZONE CLUB 5,,,Other,
faurot field at memorial stadium,SOUTH ZONE CLUB 6,,,Other,
faurot field at memorial stadium,TAPS,,,Other,
faurot field at memorial stadium,TAPS LOT,,,Other,
faurot field at memorial stadium,TIGER AVE PARKING STRUCTURE,,,Other,
faurot field at memorial stadium,TIGERS PREMIUM,,,Other,
faurot field at memorial stadium,TIGERS SIDELINE,,,Other,
faurot field at memorial stadium,UPPER LEVEL,,,Other,
faurot field at memorial stadium,VIP 207,,,Club / Mezz (200s),
faurot field at memorial stadium,VIP 216,,,Club / Mezz (200s),
faurot field at memorial stadium,VIP 217,,,Club / Mezz (200s),
faurot field at memorial stadium,,,,Cat A - Home Sideline Middle,0
faurot field at memorial stadium,,,,Cat B - Away Sideline Middle,1
faurot field at memorial stadium,,,,Cat C - Home Sideline Corners,2
faurot field at memorial stadium,,,,Cat D - Away Sideline Corners,3
faurot field at memorial stadium,,,,Cat E - The Hill,4
faurot field at memorial stadium,,,,Cat F - South Endzone,7
faurot field at memorial stadium,,,,Cat G - Upper 300s,5
faurot field at memorial stadium,,,,Club / Mezz (200s),11
faurot field at memorial stadium,,,,Floor / GA,10
faurot field at memorial stadium,,,,Lower (100s),9
faurot field at memorial stadium,,,,Other,6
faurot field at memorial stadium,,,,Upper (300s),8
faurot field at memorial stadium,,,,Upper (400+),12
folsom field,101,,,Lower (100s),
folsom field,102,,,Lower (100s),
folsom field,103,,,Lower (100s),
folsom field,104,,,Lower (100s),
folsom field,105,,,Lower (100s),
folsom field,106,,,Lower (100s),
folsom field,107,,,Lower (100s),
folsom field,108,,,Lower (100s),
folsom field,109,,,Lower (100s),
folsom field,118,,,Lower (100s),
folsom field,119,,,Lower (100s),
folsom field,120,,,Lower (100s),
folsom field,121,,,Lower (100s),
folsom field,200,,,Club / Mezz (200s),
folsom field,201,,,Club / Mezz (200s),
folsom field,202,,,Club / Mezz (200s),
folsom field,203,,,Club / Mezz (200s),
folsom field,204,,,Club / Mezz (200s),
folsom field,205,,,Club / Mezz (200s),
folsom field,206,,,Club / Mezz (200s),
folsom field,207,,,Club / Mezz (200s),
folsom field,208,,,Club / Mezz (200s),
folsom field,209,,,Club / Mezz (200s),
folsom field,210,,,Club / Mezz (200s),
folsom field,211,,,Club / Mezz (200s),
folsom field,212,,,Club / Mezz (200s),
folsom field,213,,,Club / Mezz (200s),
folsom field,214,,,Club / Mezz (200s),
folsom field,215,,,Club / Mezz (200s),
folsom field,216,,,Club / Mezz (200s),
folsom field,217,,,Club / Mezz (200s),
folsom field,218,,,Club / Mezz (200s),
folsom field,219,,,Club / Mezz (200s),
folsom field,220,,,Club / Mezz (200s),
folsom field,301,,,Upper (300s),
folsom field,302,,,Upper (300s),
folsom field,401,,,Upper (400+),
folsom field,402,,,Upper (400+),
folsom field,551,,,Upper (400+),
folsom field,553,,,Upper (400+),
folsom field,555,,,Upper (400+),
folsom field,557,,,Upper (400+),
folsom field,559,,,Upper (400+),
folsom field,575,,,Upper (400+),
folsom field,577,,,Upper (400+),
folsom field,579,,,Upper (400+),
folsom field,BUFFALOES SIDELINE,,,Other,
folsom field,CLUB LEVEL,,,Other,
folsom field,LOWER PREMIUM,,,Other,
folsom field,LOWER SIDELINE,,,Other,
folsom field,ROOFTOP TERRACE,,,Other,
folsom field,SS;109,,,Lower (100s),
folsom field,UPPER LEVEL,,,Other,
folsom field,UPPER SIDELINE,,,Other,
folsom field,,,,Club / Mezz (200s),0
folsom field,,,,Lower (100s),1
folsom field,,,,Other,2
folsom field,,,,Upper (300s),3
folsom field,,,,Upper (400+),4
geha field at arrowhead stadium,110,,,Lower (100s),
geha field at arrowhead stadium,111,,,Lower (100s),
geha field at arrowhead stadium,115,,,Lower (100s),
geha field at arrowhead stadium,119,,,Lower (100s),
geha field at arrowhead stadium,126,,,Lower (100s),
geha field at arrowhead stadium,135,,,Lower (100s),
geha field at arrowhead stadium,210,,,Club / Mezz (200s),
geha field at arrowhead stadium,211,,,Club / Mezz (200s),
geha field at arrowhead stadium,212,,,Club / Mezz (200s),
geha field at arrowhead stadium,301,,,Upper (300s),
geha field at arrowhead stadium,306,,,Upper (300s),
geha field at arrowhead stadium,310,,,Upper (300s),
geha field at arrowhead stadium,311,,,Upper (300s),
geha field at arrowhead stadium,312,,,Upper (300s),
geha field at arrowhead stadium,314,,,Upper (300s),
geha field at arrowhead stadium,316,,,Upper (300s),
geha field at arrowhead stadium,321,,,Upper (300s),
geha field at arrowhead stadium,323,,,Upper (300s),
geha field at arrowhead stadium,324,,,Upper (300s),
geha field at arrowhead stadium,325,,,Upper (300s),
geha field at arrowhead stadium,326,,,Upper (300s),
geha field at arrowhead stadium,330,,,Upper (300s),
geha field at arrowhead stadium,341,,,Upper (300s),
geha field at arrowhead stadium,,,,Club / Mezz (200s),2
geha field at arrowhead stadium,,,,Lower (100s),1
geha field at arrowhead stadium,,,,Upper (300s),0
lane stadium,106,,,Lower (100s),
lane stadium,107,,,Lower (100s),
lane stadium,108,,,Lower (100s),
lane stadium,109,,,Lower (100s),
lane stadium,110,,,Lower (100s),
lane stadium,111,,,Lower (100s),
lane stadium,112,,,Lower (100s),
lane stadium,113,,,Lower (100s),
lane stadium,114,,,Lower (100s),
lane stadium,115,,,Lower (100s),
lane stadium,116,,,Lower (100s),
lane stadium,126,,,Lower (100s),
lane stadium,127,,,Lower (100s),
lane stadium,128,,,Lower (100s),
lane stadium,129,,,Lower (100s),
lane stadium,130,,,Lower (100s),
lane stadium,131,,,Lower (100s),
lane stadium,132,,,Lower (100s),
lane stadium,133,,,Lower (100s),
lane stadium,134,,,Lower (100s),
lane stadium,135,,,Lower (100s),
lane stadium,135.,,,Lower (100s),
lane stadium,136,,,Lower (100s),
lane stadium,201,,,Club / Mezz (200s),
lane stadium,202,,,Club / Mezz (200s),
lane stadium,203,,,Club / Mezz (200s),
lane stadium,204,,,Club / Mezz (200s),
lane stadium,205,,,Club / Mezz (200s),
lane stadium,206,,,Club / Mezz (200s),
lane stadium,207 DRAPER RD SW,,,Club / Mezz (200s),
lane stadium,207 DRAPER RD SW - 0.5 MI FROM VENUE,,,Club / Mezz (200s),
lane stadium,207 DRAPER RD. SW.,,,Club / Mezz (200s),
lane stadium,230,,,Club / Mezz (200s),
lane stadium,231,,,Club / Mezz (200s),
lane stadium,232,,,Club / Mezz (200s),
lane stadium,233,,,Club / Mezz (200s),
lane stadium,234,,,Club / Mezz (200s),
lane stadium,235,,,Club / Mezz (200s),
lane stadium,404,,,Upper (400+),
lane stadium,501,,,Upper (400+),
lane stadium,502,,,Upper (400+),
lane stadium,503,,,Upper (400+),
lane stadium,504,,,Upper (400+),
lane stadium,505,,,Upper (400+),
lane stadium,506,,,Upper (400+),
lane stadium,507,,,Upper (400+),
lane stadium,508,,,Upper (400+),
lane stadium,509,,,Upper (400+),
lane stadium,510,,,Upper (400+),
lane stadium,56,,,Other,
lane stadium,ARCHITECTURE ANNEX LOT 45,,,Other,
lane stadium,CASSELL COLISEUM LOT 1,,,Other,
lane stadium,CHICKEN HILL LOT 5,,,Other,
lane stadium,DUCK POND ROAD LOT 18,,,Other,
lane stadium,E231,,,Club / Mezz (200s),
lane stadium,ENGEL LOT 11,,,Other,
lane stadium,GA,,,Floor / GA,
lane stadium,HAHN LOT 59,,,Other,
lane stadium,HOKIES PREMIUM,,,Other,
lane stadium,HOKIES SIDELINE,,,Other,
lane stadium,LITTON REAVES LOT 19,,,Other,
lane stadium,LITTON REAVES OVERFLOW LOT 9,,,Other,
lane stadium,LOT 1,,,Other,
lane stadium,LOT 18,,,Other,
lane stadium,LOT 2,,,Other,
lane stadium,LOT 21,,,Other,
lane stadium,LOT 22,,,Other,
lane stadium,LOT 45,,,Other,
lane stadium,LOT 5,,,Other,
lane stadium,LOT 55,,,Other,
lane stadium,LOT 58,,,Other,
lane stadium,LOT 59,,,Other,
lane stadium,LOT 5B,,,Other,
lane stadium,LOWER END ZONE 201,,,Club / Mezz (200s),
lane stadium,LOWER END ZONE 202,,,Club / Mezz (200s),
lane stadium,LOWER END ZONE 204,,,Club / Mezz (200s),
lane stadium,LOWER END ZONE 205,,,Club / Mezz (200s),
lane stadium,LOWER END ZONE 206,,,Club / Mezz (200s),
lane stadium,LOWER LEVEL,,,Other,
lane stadium,LOWER PREMIUM,,,Other,
lane stadium,LOWER SIDELINE,,,Other,
lane stadium,MAINTENANCE LOT 3,,,Other,
lane stadium,MIDTOWN PARKING GARAGE,,,Other,
lane stadium,NC1,,,Other,
lane stadium,NC2,,,Other,
lane stadium,NC3,,,Other,
lane stadium,NC5,,,Other,
lane stadium,NORTH CLUB 1,,,Other,
lane stadium,NORTH CLUB 3,,,Other,
lane stadium,NORTH CLUB 5,,,Other,
lane stadium,PARKING LOT 22,,,Other,
lane stadium,PRICE LOT 55,,,Other,
lane stadium,PUBLIC SAFETY LOT 3,,,Other,
lane stadium,SC2,,,Other,
lane stadium,SEZ;502,,,Upper (400+),
lane stadium,STADIUM LOT 2,,,Other,
lane stadium,TURNER LOT,,,Other,
lane stadium,UPPER 502,,,Upper (400+),
lane stadium,UPPER 503,,,Upper (400+),
lane stadium,UPPER 504,,,Upper (400+),
lane stadium,UPPER 505,,,Upper (400+),
lane stadium,UPPER 506,,,Upper (400+),
lane stadium,UPPER 507,,,Upper (400+),
lane stadium,UPPER 508,,,Upper (400+),
lane stadium,UPPER 509,,,Upper (400+),
lane stadium,UPPER LEVEL,,,Other,
lane stadium,UPPER SIDELINE,,,Other,
lane stadium,W;113,,,Lower (100s),
lane stadium,WRIGHT HOUSE LOT 56,,,Other,
lane stadium,,,,Club / Mezz (200s),1
lane stadium,,,,Floor / GA,4
lane stadium,,,,Lower (100s),0
lane stadium,,,,Other,3
lane stadium,,,,Upper (400+),2
memorial stadium,1,,,Other,
memorial stadium,101,,,Lower (100s),
memorial stadium,102,,,Lower (100s),
memorial stadium,103,,,Lower (100s),
memorial stadium,104,,,Lower (100s),
memorial stadium,105,,,Lower (100s),
memorial stadium,106,,,Lower (100s),
memorial stadium,107,,,Lower (100s),
memorial stadium,108,,,Lower (100s),
memorial stadium,109,,,Lower (100s),
memorial stadium,110,,,Lower (100s),
memorial stadium,111,,,Lower (100s),
memorial stadium,117,,,Lower (100s),
memorial stadium,118,,,Lower (100s),
memorial stadium,119,,,Lower (100s),
memorial stadium,120,,,Lower (100s),
memorial stadium,121,,,Lower (100s),
memorial stadium,122,,,Lower (100s),
memorial stadium,123,,,Lower (100s),
memorial stadium,124,,,Lower (100s),
memorial stadium,125,,,Lower (100s),
memorial stadium,126,,,Lower (100s),
memorial stadium,14,,,Other,
memorial stadium,14 D,,,Other,
memorial stadium,14TH & AVERY GARAGE,,,Other,
memorial stadium,15,,,Other,
memorial stadium,16,,,Other,
memorial stadium,16 A,,,Other,
memorial stadium,16 B,,,Other,
memorial stadium,16 B 1,,,Other,
memorial stadium,16 B 2,,,Other,
memorial stadium,16 C,,,Other,
memorial stadium,16A,,,Other,
memorial stadium,16B,,,Other,
memorial stadium,16B1,,,Other,
memorial stadium,16B2,,,Other,
memorial stadium,16C,,,Other,
memorial stadium,17,,,Other,
memorial stadium,17TH & R ST GARAGE,,,Other,
memorial stadium,17TH & R ST PARKING GARAGE,,,Other,
memorial stadium,18,,,Other,
memorial stadium,19,,,Other,
memorial stadium,2,,,Other,
memorial stadium,20,,,Other,
memorial stadium,201,,,Club / Mezz (200s),
memorial stadium,202,,,Club / Mezz (200s),
memorial stadium,203,,,Club / Mezz (200s),
memorial stadium,204,,,Club / Mezz (200s),
memorial stadium,205,,,Club / Mezz (200s),
memorial stadium,206,,,Club / Mezz (200s),
memorial stadium,207,,,Club / Mezz (200s),
memorial stadium,208,,,Club / Mezz (200s),
memorial stadium,209,,,Club / Mezz (200s),
memorial stadium,21,,,Other,
memorial stadium,210,,,Club / Mezz (200s),
memorial stadium,211,,,Club / Mezz (200s),
memorial stadium,218,,,Club / Mezz (200s),
memorial stadium,219,,,Club / Mezz (200s),
memorial stadium,22,,,Other,
memorial stadium,220,,,Club / Mezz (200s),
memorial stadium,221,,,Club / Mezz (200s),
memorial stadium,222,,,Club / Mezz (200s),
memorial stadium,223,,,Club / Mezz (200s),
memorial stadium,224,,,Club / Mezz (200s),
memorial stadium,225,,,Club / Mezz (200s),
memorial stadium,226,,,Club / Mezz (200s),
memorial stadium,227,,,Club / Mezz (200s),
memorial stadium,228,,,Club / Mezz (200s),
memorial stadium,229,,,Club / Mezz (200s),
memorial stadium,23,,,Other,
memorial stadium,230,,,Club / Mezz (200s),
memorial stadium,231,,,Club / Mezz (200s),
memorial stadium,24,,,Other,
memorial stadium,25,,,Other,
memorial stadium,26,,,Other,
memorial stadium,27,,,Other,
memorial stadium,28,,,Other,
memorial stadium,29,,,Other,
memorial stadium,3,,,Other,
memorial stadium,30,,,Other,
memorial stadium,31,,,Other,
memorial stadium,310,,,Upper (300s),
memorial stadium,32,,,Other,
memorial stadium,322,,,Upper (300s),
memorial stadium,323,,,Upper (300s),
memorial stadium,324,,,Upper (300s),
memorial stadium,33,,,Other,
memorial stadium,330,,,Upper (300s),
memorial stadium,34,,,Other,
memorial stadium,35,,,Other,
memorial stadium,36,,,Other,
memorial stadium,36 A,,,Other,
memorial stadium,36 B,,,Other,
memorial stadium,36 C,,,Other,
memorial stadium,36A,,,Other,
memorial stadium,36B,,,Other,
memorial stadium,36C,,,Other,
memorial stadium,37,,,Other,
memorial stadium,38,,,Other,
memorial stadium,39,,,Other,
memorial stadium,4,,,Other,
memorial stadium,40,,,Other,
memorial stadium,401,,,Upper (400+),
memorial stadium,402,,,Upper (400+),
memorial stadium,403,,,Upper (400+),
memorial stadium,404,,,Upper (400+),
memorial stadium,405,,,Upper (400+),
memorial stadium,406,,,Upper (400+),
memorial stadium,407,,,Upper (400+),
memorial stadium,408,,,Upper (400+),
memorial stadium,409,,,Upper (400+),
memorial stadium,41,,,Other,
memorial stadium,410,,,Upper (400+),
memorial stadium,411,,,Upper (400+),
memorial stadium,413,,,Upper (400+),
memorial stadium,5,,,Other,
memorial stadium,6,,,Other,
memorial stadium,601,,,Upper (400+),
memorial stadium,602,,,Upper (400+),
memorial stadium,603,,,Upper (400+),
memorial stadium,604,,,Upper (400+),
memorial stadium,605,,,Upper (400+),
memorial stadium,606,,,Upper (400+),
memorial stadium,607,,,Upper (400+),
memorial stadium,608,,,Upper (400+),
memorial stadium,609,,,Upper (400+),
memorial stadium,610,,,Upper (400+),
memorial stadium,611,,,Upper (400+),
memorial stadium,612,,,Upper (400+),
memorial stadium,613,,,Upper (400+),
memorial stadium,7,,,Other,
memorial stadium,8,,,Other,
memorial stadium,9,,,Other,
memorial stadium,ALEXANDER NORTH,,,Other,
memorial stadium,BEADLE SOUTH LOT,,,Other,
memorial stadium,BLUE3,,,Other,
memorial stadium,BOATHOUSE NORTH,,,Other,
memorial stadium,CARRIAGE,,,Other,
memorial stadium,CENTER PARK,,,Other,
memorial stadium,CHAMPIONS CLUB,,,Other,
memorial stadium,CLUB 207,,,Club / Mezz (200s),
memorial stadium,CLUB 209,,,Club / Mezz (200s),
memorial stadium,CLUB 225,,,Club / Mezz (200s),
memorial stadium,CLUB 226,,,Club / Mezz (200s),
memorial stadium,CLUB 227,,,Club / Mezz (200s),
memorial stadium,CLUB 230,,,Club / Mezz (200s),
memorial stadium,CLUB 324,,,Upper (300s),
memorial stadium,CLUB LEVEL,,,Other,
memorial stadium,CLUB LEVEL 201,,,Club / Mezz (200s),
memorial stadium,CLUB LEVEL 202,,,Club / Mezz (200s),
memorial stadium,CLUB LEVEL 203,,,Club / Mezz (200s),
memorial stadium,CLUB LEVEL 204,,,Club / Mezz (200s),
memorial stadium,CLUB LEVEL 205,,,Club / Mezz (200s),
memorial stadium,CLUB LEVEL 206,,,Club / Mezz (200s),
memorial stadium,CLUB LEVEL 207,,,Club / Mezz (200s),
memorial stadium,CLUB LEVEL 208,,,Club / Mezz (200s),
memorial stadium,CLUB LEVEL 209,,,Club / Mezz (200s),
memorial stadium,CLUB LEVEL 210,,,Club / Mezz (200s),
memorial stadium,CLUB LEVEL 211,,,Club / Mezz (200s),
memorial stadium,CLUB LEVEL 221,,,Club / Mezz (200s),
memorial stadium,CLUB LEVEL 222,,,Club / Mezz (200s),
memorial stadium,CLUB LEVEL 223,,,Club / Mezz (200s),
memorial stadium,CLUB LEVEL 224,,,Club / Mezz (200s),
memorial stadium,CLUB LEVEL 225,,,Club / Mezz (200s),
memorial stadium,CLUB LEVEL 226,,,Club / Mezz (200s),
memorial stadium,CLUB LEVEL 227,,,Club / Mezz (200s),
memorial stadium,CLUB LEVEL 228,,,Club / Mezz (200s),
memorial stadium,CLUB LEVEL 229,,,Club / Mezz (200s),
memorial stadium,CLUB LEVEL 230,,,Club / Mezz (200s),
memorial stadium,CLUB LEVEL 231,,,Club / Mezz (200s),
memorial stadium,CLUB LEVEL 322,,,Upper (300s),
memorial stadium,CLUB LEVEL 324,,,Upper (300s),
memorial stadium,CLUB LEVEL 402,,,Upper (400+),
memorial stadium,CLUB LEVEL 403,,,Upper (400+),
memorial stadium,CLUB LEVEL 404,,,Upper (400+),
memorial stadium,CLUB LEVEL 405,,,Upper (400+),
memorial stadium,CLUB LEVEL 406,,,Upper (400+),
memorial stadium,CLUB LEVEL 407,,,Upper (400+),
memorial stadium,CLUB LEVEL 408,,,Upper (400+),
memorial stadium,CLUB LEVEL 409,,,Upper (400+),
memorial stadium,CLUB LEVEL 411,,,Upper (400+),
memorial stadium,CLUB LEVEL 413,,,Upper (400+),
memorial stadium,CORNHUSKERS PREMIUM,,,Other,
memorial stadium,CORNHUSKERS SIDELINE,,,Other,
memorial stadium,END ZONE,,,Other,
memorial stadium,ENDZONE 14,,,Other,
memorial stadium,ENDZONE 15,,,Other,
memorial stadium,ENDZONE 16,,,Other,
memorial stadium,ENDZONE 16A,,,Other,
memorial stadium,ENDZONE 16B1,,,Other,
memorial stadium,ENDZONE 16B2,,,Other,
memorial stadium,ENDZONE 16C,,,Other,
memorial stadium,ENDZONE 17,,,Other,
memorial stadium,ENDZONE 18,,,Other,
memorial stadium,ENDZONE 19,,,Other,
memorial stadium,ENDZONE 20,,,Other,
memorial stadium,ENDZONE 32,,,Other,
memorial stadium,ENDZONE 33,,,Other,
memorial stadium,ENDZONE 34,,,Other,
memorial stadium,ENDZONE 35,,,Other,
memorial stadium,ENDZONE 36,,,Other,
memorial stadium,ENDZONE 36A,,,Other,
memorial stadium,ENDZONE 36B,,,Other,
memorial stadium,ENDZONE 36C,,,Other,
memorial stadium,ENDZONE 37,,,Other,
memorial stadium,ENDZONE 38,,,Other,
memorial stadium,ENDZONE 39,,,Other,
memorial stadium,ENDZONE 40,,,Other,
memorial stadium,ENDZONE 41,,,Other,
memorial stadium,FLR1,,,Floor / GA,
memorial stadium,FLR2,,,Floor / GA,
memorial stadium,FLR3,,,Floor / GA,
memorial stadium,FLR4,,,Floor / GA,
memorial stadium,FLR5,,,Floor / GA,
memorial stadium,FLR6,,,Floor / GA,
memorial stadium,GREEN 2 GARAGE,,,Other,
memorial stadium,GREEN2,,,Other,
memorial stadium,LOT 10,,,Other,
memorial stadium,LOT 12,,,Other,
memorial stadium,LOT 14,,,Other,
memorial stadium,LOT 17,,,Other,
memorial stadium,LOT 20,,,Other,
memorial stadium,LOT 21,,,Other,
memorial stadium,LOT 25,,,Other,
memorial stadium,LOT 27,,,Other,
memorial stadium,LOT 7,,,Other,
memorial stadium,LOWER PREMIUM,,,Other,
memorial stadium,LOWER SIDELINE,,,Other,
memorial stadium,LUMBERWORKS GARAGE,,,Other,
memorial stadium,MARKET PLACE GARAGE 16,,,Other,
memorial stadium,RED 1,,,Other,
memorial stadium,RED 1 GARAGE,,,Other,
memorial stadium,SIDELINE 1,,,Other,
memorial stadium,SIDELINE 2,,,Other,
memorial stadium,SIDELINE 21,,,Other,
memorial stadium,SIDELINE 22,,,Other,
memorial stadium,SIDELINE 23,,,Other,
memorial stadium,SIDELINE 24,,,Other,
memorial stadium,SIDELINE 25,,,Other,
memorial stadium,SIDELINE 26,,,Other,
memorial stadium,SIDELINE 27,,,Other,
memorial stadium,SIDELINE 28,,,Other,
memorial stadium,SIDELINE 29,,,Other,
memorial stadium,SIDELINE 3,,,Other,
memorial stadium,SIDELINE 30,,,Other,
memorial stadium,SIDELINE 31,,,Other,
memorial stadium,SIDELINE 4,,,Other,
memorial stadium,SIDELINE 5,,,Other,
memorial stadium,SIDELINE 6,,,Other,
memorial stadium,SIDELINE 7,,,Other,
memorial stadium,SIDELINE 8,,,Other,
memorial stadium,STADIUM DRIVE PARKING GARAGE 1,,,Other,
memorial stadium,SUITE 300 LEVEL,,,Upper (300s),
memorial stadium,UPPER LEVEL,,,Other,
memorial stadium,,,,Club / Mezz (200s),2
memorial stadium,,,,Floor / GA,5
memorial stadium,,,,Lower (100s),4
memorial stadium,,,,Other,0
memorial stadium,,,,Upper (300s),3
memorial stadium,,,,Upper (400+),1
memorial stadium - ne,1,,,Cat H - Visitor Sideline Corner,
memorial stadium - ne,10,,,Other,
memorial stadium - ne,11,,,Other,
memorial stadium - ne,14,,,Cat L - Endzone Above Row 30,
memorial stadium - ne,14(QUE),,,Other,
memorial stadium - ne,14TH & AVERY GARAGE,,,Other,
memorial stadium - ne,14TH AND AVERY GARAGE,,,Other,
memorial stadium - ne,15,,,Cat L - Endzone Above Row 30,
memorial stadium - ne,16,,,Cat L - Endzone Above Row 30,
memorial stadium - ne,16 A,,,Cat L - Endzone Above Row 30,
memorial stadium - ne,16 B,,,Cat L - Endzone Above Row 30,
memorial stadium - ne,16 B 1,,,Cat L - Endzone Above Row 30,
memorial stadium - ne,16 B 2,,,Cat L - Endzone Above Row 30,
memorial stadium - ne,16 C,,,Cat L - Endzone Above Row 30,
memorial stadium - ne,16A,,,Cat L - Endzone Above Row 30,
memorial stadium - ne,16B,,,Cat L - Endzone Above Row 30,
memorial stadium - ne,16B1,,,Cat L - Endzone Above Row 30,
memorial stadium - ne,16B2,,,Cat L - Endzone Above Row 30,
memorial stadium - ne,16C,,,Cat L - Endzone Above Row 30,
memorial stadium - ne,17,,,Cat L - Endzone Above Row 30,
memorial stadium - ne,17TH & R ST GARAGE,,,Other,
memorial stadium - ne,18,,,Cat L - Endzone Above Row 30,
memorial stadium - ne,18TH & R ST GARAGE,,,Other,
memorial stadium - ne,19,,,Cat L - Endzone Above Row 30,
memorial stadium - ne,2,,,Cat H - Visitor Sideline Corner,
memorial stadium - ne,20,,,Cat L - Endzone Above Row 30,
memorial stadium - ne,201,,,Cat F - Visitor 200 Corner Clubs,
memorial stadium - ne,202,,,Cat F - Visitor 200 Corner Clubs,
memorial stadium - ne,203,,,Cat F - Visitor 200 Corner Clubs,
memorial stadium - ne,204,,,Cat F - Visitor 200 Corner Clubs,
memorial stadium - ne,205,,,Cat E - Visitor 200 Middle Clubs,
memorial stadium - ne,206,,,Cat E - Visitor 200 Middle Clubs,
memorial stadium - ne,207,,,Cat E - Visitor 200 Middle Clubs,
memorial stadium - ne,208,,,Cat F - Visitor 200 Corner Clubs,
memorial stadium - ne,209,,,Cat F - Visitor 200 Corner Clubs,
memorial stadium - ne,21,,,Cat G - Home Sideline Corner,
memorial stadium - ne,210,,,Cat F - Visitor 200 Corner Clubs,
memorial stadium - ne,211,,,Cat F - Visitor 200 Corner Clubs,
memorial stadium - ne,22,,,Cat G - Home Sideline Corner,
memorial stadium - ne,221,,,Cat D - Home 200 Corner Clubs,
memorial stadium - ne,222,,,Cat D - Home 200 Corner Clubs,
memorial stadium - ne,223,,,Cat D - Home 200 Corner Clubs,
memorial stadium - ne,224,,,Cat D - Home 200 Corner Clubs,
memorial stadium - ne,225,,,Cat C - Home 200 Middle Clubs,
memorial stadium - ne,226,,,Cat C - Home 200 Middle Clubs,
memorial stadium - ne,227,,,Cat C - Home 200 Middle Clubs,
memorial stadium - ne,228,,,Cat D - Home 200 Corner Clubs,
memorial stadium - ne,229,,,Cat D - Home 200 Corner Clubs,
memorial stadium - ne,23,,,Cat G - Home Sideline Corner,
memorial stadium - ne,230,,,Cat D - Home 200 Corner Clubs,
memorial stadium - ne,231,,,Cat D - Home 200 Corner Clubs,
memorial stadium - ne,24,,,Cat G - Home Sideline Corner,
memorial stadium - ne,25,,,Cat A - Home Sideline Middle,
memorial stadium - ne,26,,,Cat A - Home Sideline Middle,
memorial stadium - ne,27,,,Cat A - Home Sideline Middle,
memorial stadium - ne,28,,,Cat G - Home Sideline Corner,
memorial stadium - ne,29,,,Cat G - Home Sideline Corner,
memorial stadium - ne,3,,,Cat H - Visitor Sideline Corner,
memorial stadium - ne,30,,,Cat G - Home Sideline Corner,
memorial stadium - ne,31,,,Cat G - Home Sideline Corner,
memorial stadium - ne,310,,,Upper (300s),
memorial stadium - ne,32,,,Cat L - Endzone Above Row 30,
memorial stadium - ne,322,,,Upper (300s),
memorial stadium - ne,323,,,Upper (300s),
memorial stadium - ne,324,,,Upper (300s),
memorial stadium - ne,327,,,Upper (300s),
memorial stadium - ne,328,,,Upper (300s),
memorial stadium - ne,329,,,Upper (300s),
memorial stadium - ne,33,,,Cat L - Endzone Above Row 30,
memorial stadium - ne,330,,,Upper (300s),
memorial stadium - ne,34,,,Cat L - Endzone Above Row 30,
memorial stadium - ne,35,,,Cat L - Endzone Above Row 30,
memorial stadium - ne,36,,,Cat L - Endzone Above Row 30,
memorial stadium - ne,36 A,,,Other,
memorial stadium - ne,36 B,,,Other,
memorial stadium - ne,36 C,,,Other,
memorial stadium - ne,36-B,,,Other,
memorial stadium - ne,36A,,,Cat L - Endzone Above Row 30,
memorial stadium - ne,36B,,,Cat L - Endzone Above Row 30,
memorial stadium - ne,36C,,,Cat L - Endzone Above Row 30,
memorial stadium - ne,37,,,Cat L - Endzone Above Row 30,
memorial stadium - ne,38,,,Cat L - Endzone Above Row 30,
memorial stadium - ne,39,,,Cat L - Endzone Above Row 30,
memorial stadium - ne,4,,,Cat H - Visitor Sideline Corner,
memorial stadium - ne,40,,,Cat L - Endzone Above Row 30,
memorial stadium - ne,401,,,Cat J - 400 Corner Clubs,
memorial stadium - ne,402,,,Cat J - 400 Corner Clubs,
memorial stadium - ne,403,,,Cat J - 400 Corner Clubs,
memorial stadium - ne,404,,,Cat J - 400 Corner Clubs,
memorial stadium - ne,405,,,Cat J - 400 Corner Clubs,
memorial stadium - ne,406,,,Cat I - 400 Middle Clubs,
memorial stadium - ne,407,,,Cat I - 400 Middle Clubs,
memorial stadium - ne,408,,,Cat I - 400 Middle Clubs,
memorial stadium - ne,409,,,Cat J - 400 Corner Clubs,
memorial stadium - ne,41,,,Cat L - Endzone Above Row 30,
memorial stadium - ne,410,,,Cat J - 400 Corner Clubs,
memorial stadium - ne,411,,,Cat J - 400 Corner Clubs,
memorial stadium - ne,412,,,Cat J - 400 Corner Clubs,
memorial stadium - ne,413,,,Cat J - 400 Corner Clubs,
memorial stadium - ne,5,,,Cat B - Visitor Sideline Middle,
memorial stadium - ne,6,,,Cat B - Visitor Sideline Middle,
memorial stadium - ne,601,,,Cat N - 600 Corners,
memorial stadium - ne,602,,,Cat N - 600 Corners,
memorial stadium - ne,603,,,Cat N - 600 Corners,
memorial stadium - ne,604,,,Cat N - 600 Corners,
memorial stadium - ne,605,,,Cat N - 600 Corners,
memorial stadium - ne,606,,,Cat M - 600 Middle,
memorial stadium - ne,607,,,Cat M - 600 Middle,
memorial stadium - ne,608,,,Cat M - 600 Middle,
memorial stadium - ne,609,,,Cat N - 600 Corners,
memorial stadium - ne,610,,,Cat N - 600 Corners,
memorial stadium - ne,611,,,Cat N - 600 Corners,
memorial stadium - ne,612,,,Cat N - 600 Corners,
memorial stadium - ne,613,,,Cat N - 600 Corners,
memorial stadium - ne,7,,,Cat B - Visitor Sideline Middle,
memorial stadium - ne,8,,,Cat H - Visitor Sideline Corner,
memorial stadium - ne,9,,,Other,
memorial stadium - ne,9 - 14TH AND AVERY GARAGE,,,Other,
memorial stadium - ne,ALEXANDER NORTH,,,Other,
memorial stadium - ne,BLUE3,,,Other,
memorial stadium - ne,CARRIAGE,,,Other,
memorial stadium - ne,CENTER PARK,,,Other,
memorial stadium - ne,CHAMPIONS CLUB,,,Other,
memorial stadium - ne,CHAMPIONS LOT,,,Other,
memorial stadium - ne,CL:201,,,Club / Mezz (200s),
memorial stadium - ne,CL:409,,,Upper (400+),
memorial stadium - ne,CL;201,,,Club / Mezz (200s),
memorial stadium - ne,CLUB 207,,,Club / Mezz (200s),
memorial stadium - ne,CLUB 209,,,Club / Mezz (200s),
memorial stadium - ne,CLUB 224,,,Club / Mezz (200s),
memorial stadium - ne,CLUB 225,,,Club / Mezz (200s),
memorial stadium - ne,CLUB 226,,,Club / Mezz (200s),
memorial stadium - ne,CLUB 227,,,Club / Mezz (200s),
memorial stadium - ne,CLUB 230,,,Club / Mezz (200s),
memorial stadium - ne,CLUB 324,,,Other,
memorial stadium - ne,CLUB LEVEL,,,Other,
memorial stadium - ne,CORNHUSKER SQUARE,,,Other,
memorial stadium - ne,CORNHUSKERS PREMIUM,,,Other,
memorial stadium - ne,CORNHUSKERS SIDELINE,,,Other,
memorial stadium - ne,EAGLE,,,Other,
memorial stadium - ne,END ZONE,,,Other,
memorial stadium - ne,ENDZONE 14,,,Other,
memorial stadium - ne,ENDZONE 15,,,Other,
memorial stadium - ne,ENDZONE 16,,,Other,
memorial stadium - ne,ENDZONE 16A,,,Other,
memorial stadium - ne,ENDZONE 16B,,,Other,
memorial stadium - ne,ENDZONE 16B1,,,Other,
memorial stadium - ne,ENDZONE 16B2,,,Other,
memorial stadium - ne,ENDZONE 16C,,,Other,
memorial stadium - ne,ENDZONE 17,,,Other,
memorial stadium - ne,ENDZONE 18,,,Other,
memorial stadium - ne,ENDZONE 19,,,Other,
memorial stadium - ne,ENDZONE 20,,,Other,
memorial stadium - ne,ENDZONE 32,,,Other,
memorial stadium - ne,ENDZONE 33,,,Other,
memorial stadium - ne,ENDZONE 34,,,Other,
memorial stadium - ne,ENDZONE 35,,,Other,
memorial stadium - ne,ENDZONE 36,,,Other,
memorial stadium - ne,ENDZONE 36A,,,Other,
memorial stadium - ne,ENDZONE 36B,,,Other,
memorial stadium - ne,ENDZONE 36C,,,Other,
memorial stadium - ne,ENDZONE 37,,,Other,
memorial stadium - ne,ENDZONE 38,,,Other,
memorial stadium - ne,ENDZONE 39,,,Other,
memorial stadium - ne,ENDZONE 40,,,Other,
memorial stadium - ne,ENDZONE 41,,,Other,
memorial stadium - ne,ES:5,,,Other,
memorial stadium - ne,ES:8,,,Other,
memorial stadium - ne,ES;5,,,Other,
memorial stadium - ne,ES;8,,,Other,
memorial stadium - ne,GARAGE 17,,,Other,
memorial stadium - ne,GREEN 2 GARAGE,,,Other,
memorial stadium - ne,GREEN2,,,Other,
memorial stadium - ne,LOT 1,,,Other,
memorial stadium - ne,LOT 10,,,Other,
memorial stadium - ne,LOT 19,,,Other,
memorial stadium - ne,LOT 20,,,Other,
memorial stadium - ne,LOT 21,,,Other,
memorial stadium - ne,LOT 25,,,Other,
memorial stadium - ne,LOT 27,,,Other,
memorial stadium - ne,LOT 5,,,Other,
memorial stadium - ne,LOT 7,,,Other,
memorial stadium - ne,LOT20,,,Other,
memorial stadium - ne,LOT21,,,Other,
memorial stadium - ne,LOT:1,,,Other,
memorial stadium - ne,LOT:21,,,Other,
memorial stadium - ne,LOWER 3,,,Other,
memorial stadium - ne,LOWER PREMIUM,,,Other,
memorial stadium - ne,LOWER SIDELINE,,,Other,
memorial stadium - ne,LUMBERWORKS GARAGE,,,Other,
memorial stadium - ne,NS 34,,,Other,
memorial stadium - ne,NS 37,,,Other,
memorial stadium - ne,NS 38,,,Other,
memorial stadium - ne,NS 40,,,Other,
memorial stadium - ne,NS:33,,,Other,
memorial stadium - ne,NS:34,,,Other,
memorial stadium - ne,PREGAME TAILGATE,,,Other,
memorial stadium - ne,RED 1,,,Other,
memorial stadium - ne,RED 1 GARAGE,,,Other,
memorial stadium - ne,RED1,,,Other,
memorial stadium - ne,SIDELINE 1,,,Other,
memorial stadium - ne,SIDELINE 2,,,Other,
memorial stadium - ne,SIDELINE 21,,,Other,
memorial stadium - ne,SIDELINE 22,,,Other,
memorial stadium - ne,SIDELINE 23,,,Other,
memorial stadium - ne,SIDELINE 24,,,Other,
memorial stadium - ne,SIDELINE 25,,,Other,
memorial stadium - ne,SIDELINE 26,,,Other,
memorial stadium - ne,SIDELINE 27,,,Other,
memorial stadium - ne,SIDELINE 28,,,Other,
memorial stadium - ne,SIDELINE 29,,,Other,
memorial stadium - ne,SIDELINE 3,,,Other,
memorial stadium - ne,SIDELINE 30,,,Other,
memorial stadium - ne,SIDELINE 31,,,Other,
memorial stadium - ne,SIDELINE 4,,,Other,
memorial stadium - ne,SIDELINE 5,,,Other,
memorial stadium - ne,SIDELINE 6,,,Other,
memorial stadium - ne,SIDELINE 7,,,Other,
memorial stadium - ne,SIDELINE 8,,,Other,
memorial stadium - ne,SS 15,,,Other,
memorial stadium - ne,SS 16B1,,,Other,
memorial stadium - ne,SS:19,,,Other,
memorial stadium - ne,SUITE 300 LEVEL,,,Upper (300s),
memorial stadium - ne,UNIVERSITY SQUARE,,,Other,
memorial stadium - ne,UPPER 604,,,Upper (400+),
memorial stadium - ne,UPPER 612,,,Upper (400+),
memorial stadium - ne,UPPER LEVEL,,,Other,
memorial stadium - ne,WS:21,,,Other,
memorial stadium - ne,WS:28,,,Other,
memorial stadium - ne,WS;21,,,Other,
memorial stadium - ne,WS;28,,,Other,
memorial stadium - ne,WS;31,,,Other,
memorial stadium - ne,,,,Cat A - Home Sideline Middle,4
memorial stadium - ne,,,,Cat B - Visitor Sideline Middle,5
memorial stadium - ne,,,,Cat C - Home 200 Middle Clubs,6
memorial stadium - ne,,,,Cat D - Home 200 Corner Clubs,7
memorial stadium - ne,,,,Cat E - Visitor 200 Middle Clubs,8
memorial stadium - ne,,,,Cat F - Visitor 200 Corner Clubs,9
memorial stadium - ne,,,,Cat G - Home Sideline Corner,10
memorial stadium - ne,,,,Cat H - Visitor Sideline Corner,11
memorial stadium - ne,,,,Cat I - 400 Middle Clubs,12
memorial stadium - ne,,,,Cat J - 400 Corner Clubs,13
memorial stadium - ne,,,,Cat K - Endzone Below Row 30,14
memorial stadium - ne,,,,Cat L - Endzone Above Row 30,15
memorial stadium - ne,,,,Cat M - 600 Middle,16
memorial stadium - ne,,,,Cat N - 600 Corners,17
memorial stadium - ne,,,,Club / Mezz (200s),19
memorial stadium - ne,,,,Other,0
memorial stadium - ne,,,,Upper (300s),21
memorial stadium - ne,,,,Upper (400+),20
michigan stadium,1,1,40,Cat B - 25-50 yardline Visitor Side rows 1-40,
michigan stadium,1,41,96,Cat B1 - 25-50 yardline Visitor Side rows 41-96,
michigan stadium,10,1,40,Cat G - South Endzone Rows 1-40,
michigan stadium,10,41,96,Cat G1 - South Endzone Rows 41-96,
michigan stadium,11,1,40,Cat G - South Endzone Rows 1-40,
michigan stadium,11,41,96,Cat G1 - South Endzone Rows 41-96,
michigan stadium,12,1,40,Cat G - South Endzone Rows 1-40,
michigan stadium,12,41,96,Cat G1 - South Endzone Rows 41-96,
michigan stadium,13,1,40,Cat G - South Endzone Rows 1-40,
michigan stadium,13,41,96,Cat G1 - South Endzone Rows 41-96,
michigan stadium,14,1,40,Cat E - Corner Home Sideline Rows 1-40,
michigan stadium,14,41,96,Cat E1 - Corner Home Sideline Rows 41-96,
michigan stadium,15,1,40,Cat E - Corner Home Sideline Rows 1-40,
michigan stadium,15,41,96,Cat E1 - Corner Home Sideline Rows 41-96,
michigan stadium,16,1,40,Cat E - Corner Home Sideline Rows 1-40,
michigan stadium,16,41,96,Cat E1 - Corner Home Sideline Rows 41-96,
michigan stadium,17,1,40,Cat E - Corner Home Sideline Rows 1-40,
michigan stadium,17,41,96,Cat E1 - Corner Home Sideline Rows 41-96,
michigan stadium,18,1,20,Cat C - G-25 yardline Home side rows 1-40,
michigan stadium,18,21,96,Cat E - Corner Home Sideline Rows 1-40,
michigan stadium,19,1,40,Cat C - G-25 yardline Home side rows 1-40,
michigan stadium,19,41,96,Cat C1 - G-25 yardline Home side rows 41-Top,
michigan stadium,1:13,,,Other,
michigan stadium,1:16,,,Other,
michigan stadium,1:17,,,Other,
michigan stadium,1:18,,,Other,
michigan stadium,1:2,,,Other,
michigan stadium,1:21,,,Other,
michigan stadium,1:3,,,Other,
michigan stadium,1:35,,,Other,
michigan stadium,1:36,,,Other,
michigan stadium,1:37,,,Other,
michigan stadium,1:41,,,Other,
michigan stadium,1:42,,,Other,
michigan stadium,1:43,,,Other,
michigan stadium,1:5,,,Other,
michigan stadium,1:6,,,Other,
michigan stadium,1:9,,,Other,
michigan stadium,1;16,,,Other,
michigan stadium,1;23,,,Other,
michigan stadium,1;307E,,,Upper (300s),
michigan stadium,1;35,,,Other,
michigan stadium,1;4,,,Other,
michigan stadium,1;44,,,Other,
michigan stadium,1;9,,,Other,
michigan stadium,2,1,40,Cat B - 25-50 yardline Visitor Side rows 1-40,
michigan stadium,2,41,96,Cat B1 - 25-50 yardline Visitor Side rows 41-96,
michigan stadium,20,1,40,Cat C - G-25 yardline Home side rows 1-40,
michigan stadium,20,41,96,Cat C1 - G-25 yardline Home side rows 41-Top,
michigan stadium,21,1,40,Cat C - G-25 yardline Home side rows 1-40,
michigan stadium,21,41,96,Cat C1 - G-25 yardline Home side rows 41-Top,
michigan stadium,22,1,40,Cat A - 25-50 yardline Home side rows 1-40,
michigan stadium,22,41,84,Cat A1 - 25-50 yardline Home side rows 41-84,
michigan stadium,22,85,96,Cat A2 - 25-50 yardline Home side rows 85 and up (Chairback seating),
michigan stadium,22-24,,,Other,
michigan stadium,23,1,40,Cat A - 25-50 yardline Home side rows 1-40,
michigan stadium,23,41,84,Cat A1 - 25-50 yardline Home side rows 41-84,
michigan stadium,23,85,96,Cat A2 - 25-50 yardline Home side rows 85 and up (Chairback seating),
michigan stadium,24,1,40,Cat A - 25-50 yardline Home side rows 1-40,
michigan stadium,24,41,84,Cat A1 - 25-50 yardline Home side rows 41-84,
michigan stadium,24,85,96,Cat A2 - 25-50 yardline Home side rows 85 and up (Chairback seating),
michigan stadium,25,1,40,Cat C - G-25 yardline Home side rows 1-40,
michigan stadium,25,41,96,Cat C1 - G-25 yardline Home side rows 41-Top,
michigan stadium,26,,,Other,
michigan stadium,27,,,Other,
michigan stadium,28,,,Other,
michigan stadium,29,,,Other,
michigan stadium,3,1,40,Cat D - G-25 yardline Visitor side rows 1-40,
michigan stadium,3,41,96,Cat D1 - G-25 yardline Visitor side rows 41-96,
michigan stadium,301,,,Upper (300s),
michigan stadium,301E,,,Upper (300s),
michigan stadium,302,,,Upper (300s),
michigan stadium,302E,,,Upper (300s),
michigan stadium,303,,,Upper (300s),
michigan stadium,303E,,,Upper (300s),
michigan stadium,304,,,Upper (300s),
michigan stadium,305,,,Upper (300s),
michigan stadium,306,,,Upper (300s),
michigan stadium,306E,,,Upper (300s),
michigan stadium,307,,,Upper (300s),
michigan stadium,307E,,,Upper (300s),
michigan stadium,308,,,Upper (300s),
michigan stadium,308E,,,Upper (300s),
michigan stadium,309,,,Upper (300s),
michigan stadium,309E,,,Upper (300s),
michigan stadium,31,,,Other,
michigan stadium,310,,,Upper (300s),
michigan stadium,311,,,Upper (300s),
michigan stadium,311E,,,Upper (300s),
michigan stadium,312,,,Upper (300s),
michigan stadium,312E,,,Upper (300s),
michigan stadium,313,,,Upper (300s),
michigan stadium,314,,,Upper (300s),
michigan stadium,314E,,,Upper (300s),
michigan stadium,315,,,Upper (300s),
michigan stadium,315E,,,Cat J - Clubs Visitors Sideline,
michigan stadium,316,,,Upper (300s),
michigan stadium,317,,,Upper (300s),
michigan stadium,33,,,Other,
michigan stadium,34,1,40,Cat H - North Endzone Rows 1-40,
michigan stadium,34,41,96,Cat H1 - North Endzone Rows 41-96,
michigan stadium,35,1,40,Cat H - North Endzone Rows 1-40,
michigan stadium,35,41,96,Cat H1 - North Endzone Rows 41-96,
michigan stadium,36,1,40,Cat H - North Endzone Rows 1-40,
michigan stadium,36,41,96,Cat H1 - North Endzone Rows 41-96,
michigan stadium,37,1,40,Cat H - North Endzone Rows 1-40,
michigan stadium,37,41,96,Cat H1 - North Endzone Rows 41-96,
michigan stadium,38,1,40,Cat F - Corner Visitor Sideline Rows 1-40,
michigan stadium,38,41,96,Cat F1 - Corner Visitor Sideline Rows 41-96,
michigan stadium,39,1,40,Cat F - Corner Visitor Sideline Rows 1-40,
michigan stadium,39,41,96,Cat F1 - Corner Visitor Sideline Rows 41-96,
michigan stadium,4,1,40,Cat D - G-25 yardline Visitor side rows 1-40,
michigan stadium,4,41,96,Cat D1 - G-25 yardline Visitor side rows 41-96,
michigan stadium,4.,,,Other,
michigan stadium,40,1,40,Cat F - Corner Visitor Sideline Rows 1-40,
michigan stadium,40,41,96,Cat F1 - Corner Visitor Sideline Rows 41-96,
michigan stadium,401,,,Upper (400+),
michigan stadium,401W,,,Cat I - Clubs Home Sideline,
michigan stadium,402,,,Upper (400+),
michigan stadium,403,,,Upper (400+),
michigan stadium,404,,,Upper (400+),
michigan stadium,404E,,,Upper (400+),
michigan stadium,405,,,Upper (400+),
michigan stadium,405E,,,Upper (400+),
michigan stadium,406,,,Upper (400+),
michigan stadium,407,,,Upper (400+),
michigan stadium,408,,,Upper (400+),
michigan stadium,409,,,Upper (400+),
michigan stadium,409E,,,Cat J - Clubs Visitors Sideline,
michigan stadium,41,1,40,Cat F - Corner Visitor Sideline Rows 1-40,
michigan stadium,41,41,96,Cat F1 - Corner Visitor Sideline Rows 41-96,
michigan stadium,410,,,Upper (400+),
michigan stadium,411,,,Upper (400+),
michigan stadium,412,,,Upper (400+),
michigan stadium,413,,,Upper (400+),
michigan stadium,414,,,Upper (400+),
michigan stadium,415,,,Upper (400+),
michigan stadium,415E,,,Upper (400+),
michigan stadium,416,,,Upper (400+),
michigan stadium,416E,,,Upper (400+),
michigan stadium,417,,,Upper (400+),
michigan stadium,418,,,Upper (400+),
michigan stadium,419,,,Upper (400+),
michigan stadium,419E,,,Upper (400+),
michigan stadium,42,1,40,Cat D - G-25 yardline Visitor side rows 1-40,
michigan stadium,42,41,96,Cat D1 - G-25 yardline Visitor side rows 41-96,
michigan stadium,43,1,40,Cat D - G-25 yardline Visitor side rows 1-40,
michigan stadium,43,41,96,Cat D1 - G-25 yardline Visitor side rows 41-96,
michigan stadium,44,1,40,Cat B - 25-50 yardline Visitor Side rows 1-40,
michigan stadium,44,41,96,Cat B1 - 25-50 yardline Visitor Side rows 41-96,
michigan stadium,5,1,40,Cat F - Corner Visitor Sideline Rows 1-40,
michigan stadium,5,41,96,Cat F1 - Corner Visitor Sideline Rows 41-96,
michigan stadium,6,1,40,Cat F - Corner Visitor Sideline Rows 1-40,
michigan stadium,6,41,96,Cat F1 - Corner Visitor Sideline Rows 41-96,
michigan stadium,601 W STADIUM BLVD,,,Upper (400+),
michigan stadium,601 W. STADIUM BLVD,,,Upper (400+),
michigan stadium,601 W. STADIUM BLVD - 0.5 MI FROM VENUE,,,Upper (400+),
michigan stadium,7,1,40,Cat F - Corner Visitor Sideline Rows 1-40,
michigan stadium,7,41,96,Cat F1 - Corner Visitor Sideline Rows 41-96,
michigan stadium,8,1,40,Cat F - Corner Visitor Sideline Rows 1-40,
michigan stadium,8,41,96,Cat F1 - Corner Visitor Sideline Rows 41-96,
michigan stadium,9,1,40,Cat G - South Endzone Rows 1-40,
michigan stadium,9,41,96,Cat G1 - South Endzone Rows 41-96,
michigan stadium,BLUE,,,Other,
michigan stadium,BLUE LOT,,,Other,
michigan stadium,BROWN,,,Other,
michigan stadium,BROWN LOT,,,Other,
michigan stadium,CB24,,,Other,
michigan stadium,CHAIRBACKS 24,,,Other,
michigan stadium,CHAMPIONS EAST,,,Other,
michigan stadium,CHAMPIONS EAST LOT,,,Other,
michigan stadium,CLUB 301,,,Upper (300s),
michigan stadium,CLUB 302,,,Upper (300s),
michigan stadium,CLUB 303,,,Upper (300s),
michigan stadium,CLUB 307,,,Upper (300s),
michigan stadium,CLUB 309,,,Upper (300s),
michigan stadium,CLUB 312,,,Upper (300s),
michigan stadium,CLUB 314,,,Upper (300s),
michigan stadium,CLUB 315,,,Upper (300s),
michigan stadium,CLUB 405E,,,Upper (400+),
michigan stadium,CLUB 409E,,,Upper (400+),
michigan stadium,CLUB 416E,,,Upper (400+),
michigan stadium,CLUB 419E,,,Upper (400+),
michigan stadium,EAST 307,,,Upper (300s),
michigan stadium,END ZONE,,,Other,
michigan stadium,END ZONE 34,,,Other,
michigan stadium,GA,,,Floor / GA,
michigan stadium,GREY LOT,,,Other,
michigan stadium,MIDFIELD,,,Other,
michigan stadium,P:BROWN,,,Other,
michigan stadium,P:GREY,,,Other,
michigan stadium,PIONEER HIGH SCHOOL,,,Other,
michigan stadium,PIONEER HS LOT,,,Other,
michigan stadium,PIONEER LOT,,,Other,
michigan stadium,PREGAME TAILGATE,,,Other,
michigan stadium,SIDELINE,,,Other,
michigan stadium,WOLVERINES MIDFIELD,,,Other,
michigan stadium,WOLVERINES SIDELINE,,,Other,
michigan stadium,,,,Cat A - 25-50 yardline Home side rows 1-40,0
michigan stadium,,,,Cat A1 - 25-50 yardline Home side rows 41-84,4
michigan stadium,,,,Cat A2 - 25-50 yardline Home side rows 85 and up (Chairback seating),5
michigan stadium,,,,Cat B - 25-50 yardline Visitor Side rows 1-40,1
michigan stadium,,,,Cat B1 - 25-50 yardline Visitor Side rows 41-96,6
michigan stadium,,,,Cat C - G-25 yardline Home side rows 1-40,2
michigan stadium,,,,Cat C1 - G-25 yardline Home side rows 41-Top,11
michigan stadium,,,,Cat D - G-25 yardline Visitor side rows 1-40,3
michigan stadium,,,,Cat D1 - G-25 yardline Visitor side rows 41-96,13
michigan stadium,,,,Cat E - Corner Home Sideline Rows 1-40,14
michigan stadium,,,,Cat E1 - Corner Home Sideline Rows 41-96,15
michigan stadium,,,,Cat F - Corner Visitor Sideline Rows 1-40,16
michigan stadium,,,,Cat F1 - Corner Visitor Sideline Rows 41-96,17
michigan stadium,,,,Cat G - South Endzone Rows 1-40,18
michigan stadium,,,,Cat G1 - South Endzone Rows 41-96,19
michigan stadium,,,,Cat H - North Endzone Rows 1-40,20
michigan stadium,,,,Cat H1 - North Endzone Rows 41-96,21
michigan stadium,,,,Cat I - Clubs Home Sideline,22
michigan stadium,,,,Cat J - Clubs Visitors Sideline,23
michigan stadium,,,,Floor / GA,26
michigan stadium,,,,Other,7
michigan stadium,,,,Upper (300s),25
michigan stadium,,,,Upper (400+),24
moody center atx,104,,,Lower (100s),
moody center atx,105,,,Lower (100s),
moody center atx,105W,,,Lower (100s),
moody center atx,106,,,Lower (100s),
moody center atx,106W,,,Lower (100s),
moody center atx,107,,,Lower (100s),
moody center atx,108,,,Lower (100s),
moody center atx,109,,,Lower (100s),
moody center atx,110,,,Lower (100s),
moody center atx,111,,,Lower (100s),
moody center atx,112,,,Lower (100s),
moody center atx,113,,,Lower (100s),
moody center atx,114,,,Lower (100s),
moody center atx,115,,,Lower (100s),
moody center atx,116,,,Lower (100s),
moody center atx,117,,,Lower (100s),
moody center atx,118,,,Lower (100s),
moody center atx,118W,,,Lower (100s),
moody center atx,119,,,Lower (100s),
moody center atx,119W,,,Lower (100s),
moody center atx,120,,,Lower (100s),
moody center atx,121,,,Lower (100s),
moody center atx,122,,,Lower (100s),
moody center atx,1601 N INTERSTATE HWY.,,,Upper (400+),
moody center atx,1836 SAN JACINTO BLVD. GARAGE - P3156,,,Upper (400+),
moody center atx,1901 E. 12TH ST. - 0.9 MI FROM VENUE,,,Upper (400+),
moody center atx,205,,,Club / Mezz (200s),
moody center atx,206,,,Club / Mezz (200s),
moody center atx,207,,,Club / Mezz (200s),
moody center atx,207W,,,Club / Mezz (200s),
moody center atx,208,,,Club / Mezz (200s),
moody center atx,209,,,Club / Mezz (200s),
moody center atx,210,,,Club / Mezz (200s),
moody center atx,210W,,,Club / Mezz (200s),
moody center atx,211,,,Club / Mezz (200s),
moody center atx,212,,,Club / Mezz (200s),
moody center atx,213,,,Club / Mezz (200s),
moody center atx,214,,,Club / Mezz (200s),
moody center atx,215,,,Club / Mezz (200s),
moody center atx,215W,,,Club / Mezz (200s),
moody center atx,216,,,Club / Mezz (200s),
moody center atx,217,,,Club / Mezz (200s),
moody center atx,218,,,Club / Mezz (200s),
moody center atx,219,,,Club / Mezz (200s),
moody center atx,220,,,Club / Mezz (200s),
moody center atx,CLUB 105,,,Lower (100s),
moody center atx,CLUB 106,,,Lower (100s),
moody center atx,CLUB 107,,,Lower (100s),
moody center atx,CLUB 108,,,Lower (100s),
moody center atx,CLUB 109,,,Lower (100s),
moody center atx,CLUB 118,,,Lower (100s),
moody center atx,CLUB 119,,,Lower (100s),
moody center atx,CLUB 120,,,Lower (100s),
moody center atx,DELUXE HOTEL,,,Other,
moody center atx,EMERALD DELUXE,,,Other,
moody center atx,EMERALD ELITE,,,Other,
moody center atx,EMERALD FAN,,,Other,
moody center atx,FLOOR,,,Floor / GA,
moody center atx,FLOOR 1,,,Floor / GA,
moody center atx,FLOOR 2,,,Floor / GA,
moody center atx,FLOOR 3,,,Floor / GA,
moody center atx,FLOOR 4,,,Floor / GA,
moody center atx,FLOOR 5,,,Floor / GA,
moody center atx,FLOOR 6,,,Floor / GA,
moody center atx,FLOOR1,,,Floor / GA,
moody center atx,FLOOR3,,,Floor / GA,
moody center atx,FLR1,,,Floor / GA,
moody center atx,FLR2,,,Floor / GA,
moody center atx,FLR3,,,Floor / GA,
moody center atx,FLR4,,,Floor / GA,
moody center atx,FLR5,,,Floor / GA,
moody center atx,FLR6,,,Floor / GA,
moody center atx,GA1,,,Other,
moody center atx,LOWER 104,,,Lower (100s),
moody center atx,LOWER 110,,,Lower (100s),
moody center atx,LOWER 111,,,Lower (100s),
moody center atx,LOWER 113,,,Lower (100s),
moody center atx,LOWER 114,,,Lower (100s),
moody center atx,LOWER 115,,,Lower (100s),
moody center atx,LOWER 116,,,Lower (100s),
moody center atx,LOWER 117,,,Lower (100s),
moody center atx,LOWER 121,,,Lower (100s),
moody center atx,LOWER 122,,,Lower (100s),
moody center atx,MANOR,,,Other,
moody center atx,MANOR GARAGE,,,Other,
moody center atx,RESERVED,,,Other,
moody center atx,RUBY FAN,,,Other,
moody center atx,SAPPHIRE DELUXE,,,Other,
moody center atx,SAPPHIRE ELITE,,,Other,
moody center atx,SAPPHIRE FAN,,,Other,
moody center atx,STATE GARAGE Q,,,Other,
moody center atx,STATE GARAGE R,,,Other,
moody center atx,TRINITY GARAGE,,,Other,
moody center atx,TXOGA LOT,,,Other,
moody center atx,UPPER 205,,,Club / Mezz (200s),
moody center atx,UPPER 206,,,Club / Mezz (200s),
moody center atx,UPPER 207,,,Club / Mezz (200s),
moody center atx,UPPER 208,,,Club / Mezz (200s),
moody center atx,UPPER 209,,,Club / Mezz (200s),
moody center atx,UPPER 210,,,Club / Mezz (200s),
moody center atx,UPPER 211,,,Club / Mezz (200s),
moody center atx,UPPER 212,,,Club / Mezz (200s),
moody center atx,UPPER 213,,,Club / Mezz (200s),
moody center atx,UPPER 214,,,Club / Mezz (200s),
moody center atx,UPPER 215,,,Club / Mezz (200s),
moody center atx,UPPER 216,,,Club / Mezz (200s),
moody center atx,UPPER 217,,,Club / Mezz (200s),
moody center atx,UPPER 218,,,Club / Mezz (200s),
moody center atx,UPPER 219,,,Club / Mezz (200s),
moody center atx,UPPER 220,,,Club / Mezz (200s),
moody center atx,VIP R PURCHASING A TICKET GETS YOU ACCESS TO THE,,,Other,
moody center atx,VIP RIGHT,,,Other,
moody center atx,,,,Club / Mezz (200s),0
moody center atx,,,,Floor / GA,2
moody center atx,,,,Lower (100s),1
moody center atx,,,,Other,3
moody center atx,,,,Upper (400+),4
morton amphitheater,-A,,,Other,
morton amphitheater,-B,,,Other,
morton amphitheater,-C,,,Other,
morton amphitheater,-D,,,Other,
morton amphitheater,-E,,,Other,
morton amphitheater,101,,,Lower (100s),
morton amphitheater,102,,,Lower (100s),
morton amphitheater,103,,,Lower (100s),
morton amphitheater,105,,,Lower (100s),
morton amphitheater,106,,,Lower (100s),
morton amphitheater,107,,,Lower (100s),
morton amphitheater,201,,,Club / Mezz (200s),
morton amphitheater,201WC,,,Club / Mezz (200s),
morton amphitheater,202,,,Club / Mezz (200s),
morton amphitheater,203,,,Club / Mezz (200s),
morton amphitheater,204,,,Club / Mezz (200s),
morton amphitheater,205,,,Club / Mezz (200s),
morton amphitheater,206,,,Club / Mezz (200s),
morton amphitheater,207,,,Club / Mezz (200s),
morton amphitheater,208,,,Club / Mezz (200s),
morton amphitheater,208WC,,,Club / Mezz (200s),
morton amphitheater,209,,,Club / Mezz (200s),
morton amphitheater,301,,,Upper (300s),
morton amphitheater,301WC,,,Upper (300s),
morton amphitheater,302,,,Upper (300s),
morton amphitheater,302WC,,,Upper (300s),
morton amphitheater,303,,,Upper (300s),
morton amphitheater,303WC,,,Upper (300s),
morton amphitheater,304,,,Upper (300s),
morton amphitheater,304WC,,,Upper (300s),
morton amphitheater,305,,,Upper (300s),
morton amphitheater,305WC,,,Upper (300s),
morton amphitheater,306,,,Upper (300s),
morton amphitheater,306WC,,,Upper (300s),
morton amphitheater,307,,,Upper (300s),
morton amphitheater,307WC,,,Upper (300s),
morton amphitheater,308,,,Upper (300s),
morton amphitheater,308WC,,,Upper (300s),
morton amphitheater,309,,,Upper (300s),
morton amphitheater,309WC,,,Upper (300s),
morton amphitheater,310,,,Upper (300s),
morton amphitheater,310WC,,,Upper (300s),
morton amphitheater,311,,,Upper (300s),
morton amphitheater,311WC,,,Upper (300s),
morton amphitheater,312,,,Upper (300s),
morton amphitheater,312WC,,,Upper (300s),
morton amphitheater,313,,,Upper (300s),
morton amphitheater,,,,Club / Mezz (200s),2
morton amphitheater,,,,Lower (100s),1
morton amphitheater,,,,Other,3
morton amphitheater,,,,Upper (300s),0
nebraska memorial stadium,1,,,Other,
nebraska memorial stadium,10,,,Other,
nebraska memorial stadium,11,,,Other,
nebraska memorial stadium,14,,,Other,
nebraska memorial stadium,14(QUE),,,Other,
nebraska memorial stadium,14TH & AVERY GARAGE,,,Other,
nebraska memorial stadium,14TH AND AVERY GARAGE,,,Other,
nebraska memorial stadium,15,,,Other,
nebraska memorial stadium,16,,,Other,
nebraska memorial stadium,16 A,,,Other,
nebraska memorial stadium,16 B,,,Other,
nebraska memorial stadium,16 B 1,,,Other,
nebraska memorial stadium,16 B 2,,,Other,
nebraska memorial stadium,16 C,,,Other,
nebraska memorial stadium,16A,,,Other,
nebraska memorial stadium,16B,,,Other,
nebraska memorial stadium,16B1,,,Other,
nebraska memorial stadium,16B2,,,Other,
nebraska memorial stadium,16C,,,Other,
nebraska memorial stadium,17,,,Other,
nebraska memorial stadium,17TH & R ST GARAGE,,,Other,
nebraska memorial stadium,17TH & R ST PARKING GARAGE,,,Other,
nebraska memorial stadium,18,,,Other,
nebraska memorial stadium,18TH & R ST GARAGE,,,Other,
nebraska memorial stadium,19,,,Other,
nebraska memorial stadium,2,,,Other,
nebraska memorial stadium,20,,,Other,
nebraska memorial stadium,201,,,Club / Mezz (200s),
nebraska memorial stadium,202,,,Club / Mezz (200s),
nebraska memorial stadium,203,,,Club / Mezz (200s),
nebraska memorial stadium,204,,,Club / Mezz (200s),
nebraska memorial stadium,205,,,Club / Mezz (200s),
nebraska memorial stadium,206,,,Club / Mezz (200s),
nebraska memorial stadium,207,,,Club / Mezz (200s),
nebraska memorial stadium,208,,,Club / Mezz (200s),
nebraska memorial stadium,209,,,Club / Mezz (200s),
nebraska memorial stadium,21,,,Other,
nebraska memorial stadium,210,,,Club / Mezz (200s),
nebraska memorial stadium,211,,,Club / Mezz (200s),
nebraska memorial stadium,22,,,Other,
nebraska memorial stadium,221,,,Club / Mezz (200s),
nebraska memorial stadium,222,,,Club / Mezz (200s),
nebraska memorial stadium,223,,,Club / Mezz (200s),
nebraska memorial stadium,224,,,Club / Mezz (200s),
nebraska memorial stadium,225,,,Club / Mezz (200s),
nebraska memorial stadium,226,,,Club / Mezz (200s),
nebraska memorial stadium,227,,,Club / Mezz (200s),
nebraska memorial stadium,228,,,Club / Mezz (200s),
nebraska memorial stadium,229,,,Club / Mezz (200s),
nebraska memorial stadium,23,,,Other,
nebraska memorial stadium,230,,,Club / Mezz (200s),
nebraska memorial stadium,231,,,Club / Mezz (200s),
nebraska memorial stadium,24,,,Other,
nebraska memorial stadium,25,,,Other,
nebraska memorial stadium,26,,,Other,
nebraska memorial stadium,27,,,Other,
nebraska memorial stadium,28,,,Other,
nebraska memorial stadium,29,,,Other,
nebraska memorial stadium,3,,,Other,
nebraska memorial stadium,30,,,Other,
nebraska memorial stadium,31,,,Other,
nebraska memorial stadium,32,,,Other,
nebraska memorial stadium,322,,,Upper (300s),
nebraska memorial stadium,327,,,Upper (300s),
nebraska memorial stadium,33,,,Other,
nebraska memorial stadium,34,,,Other,
nebraska memorial stadium,35,,,Other,
nebraska memorial stadium,36,,,Other,
nebraska memorial stadium,36 A,,,Other,
nebraska memorial stadium,36 B,,,Other,
nebraska memorial stadium,36 C,,,Other,
nebraska memorial stadium,36A,,,Other,
nebraska memorial stadium,36B,,,Other,
nebraska memorial stadium,36C,,,Other,
nebraska memorial stadium,37,,,Other,
nebraska memorial stadium,38,,,Other,
nebraska memorial stadium,39,,,Other,
nebraska memorial stadium,4,,,Other,
nebraska memorial stadium,40,,,Other,
nebraska memorial stadium,401,,,Upper (400+),
nebraska memorial stadium,403,,,Upper (400+),
nebraska memorial stadium,404,,,Upper (400+),
nebraska memorial stadium,405,,,Upper (400+),
nebraska memorial stadium,406,,,Upper (400+),
nebraska memorial stadium,407,,,Upper (400+),
nebraska memorial stadium,409,,,Upper (400+),
nebraska memorial stadium,41,,,Other,
nebraska memorial stadium,411,,,Upper (400+),
nebraska memorial stadium,412,,,Upper (400+),
nebraska memorial stadium,413,,,Upper (400+),
nebraska memorial stadium,5,,,Other,
nebraska memorial stadium,6,,,Other,
nebraska memorial stadium,601,,,Upper (400+),
nebraska memorial stadium,602,,,Upper (400+),
nebraska memorial stadium,603,,,Upper (400+),
nebraska memorial stadium,604,,,Upper (400+),
nebraska memorial stadium,605,,,Upper (400+),
nebraska memorial stadium,606,,,Upper (400+),
nebraska memorial stadium,607,,,Upper (400+),
nebraska memorial stadium,608,,,Upper (400+),
nebraska memorial stadium,609,,,Upper (400+),
nebraska memorial stadium,610,,,Upper (400+),
nebraska memorial stadium,611,,,Upper (400+),
nebraska memorial stadium,612,,,Upper (400+),
nebraska memorial stadium,613,,,Upper (400+),
nebraska memorial stadium,7,,,Other,
nebraska memorial stadium,8,,,Other,
nebraska memorial stadium,9,,,Other,
nebraska memorial stadium,ALEXANDER NORTH,,,Other,
nebraska memorial stadium,BLUE3,,,Other,
nebraska memorial stadium,CARRIAGE,,,Other,
nebraska memorial stadium,CENTER PARK,,,Other,
nebraska memorial stadium,CHAMPIONS CLUB,,,Other,
nebraska memorial stadium,CLUB 207,,,Club / Mezz (200s),
nebraska memorial stadium,CLUB 209,,,Club / Mezz (200s),
nebraska memorial stadium,CLUB 225,,,Club / Mezz (200s),
nebraska memorial stadium,CLUB 226,,,Club / Mezz (200s),
nebraska memorial stadium,CLUB 227,,,Club / Mezz (200s),
nebraska memorial stadium,CLUB 230,,,Club / Mezz (200s),
nebraska memorial stadium,CLUB 324,,,Upper (300s),
nebraska memorial stadium,CLUB LEVEL,,,Other,
nebraska memorial stadium,CORNHUSKERS PREMIUM,,,Other,
nebraska memorial stadium,CORNHUSKERS SIDELINE,,,Other,
nebraska memorial stadium,END ZONE,,,Other,
nebraska memorial stadium,GARAGE 17,,,Other,
nebraska memorial stadium,GREEN2,,,Other,
nebraska memorial stadium,LOT 1,,,Other,
nebraska memorial stadium,LOT 10,,,Other,
nebraska memorial stadium,LOT 20,,,Other,
nebraska memorial stadium,LOT 21,,,Other,
nebraska memorial stadium,LOT 25,,,Other,
nebraska memorial stadium,LOT 7,,,Other,
nebraska memorial stadium,LOT20,,,Other,
nebraska memorial stadium,LOT21,,,Other,
nebraska memorial stadium,LOWER PREMIUM,,,Other,
nebraska memorial stadium,LOWER SIDELINE,,,Other,
nebraska memorial stadium,NS 34,,,Other,
nebraska memorial stadium,NS 37,,,Other,
nebraska memorial stadium,NS 40,,,Other,
nebraska memorial stadium,PREGAME TAILGATE,,,Other,
nebraska memorial stadium,RED 1 GARAGE,,,Other,
nebraska memorial stadium,RED1,,,Other,
nebraska memorial stadium,SS 16B1,,,Other,
nebraska memorial stadium,SUITE 300 LEVEL,,,Upper (300s),
nebraska memorial stadium,UPPER LEVEL,,,Other,
nebraska memorial stadium,,,,Club / Mezz (200s),2
nebraska memorial stadium,,,,Other,0
nebraska memorial stadium,,,,Upper (300s),3
nebraska memorial stadium,,,,Upper (400+),1
neyland stadium,A,,,Other,
neyland stadium,AA,,,Other,
neyland stadium,ALABAMA,,,Other,
neyland stadium,B,,,Other,
neyland stadium,BB,,,Other,
neyland stadium,C,,,Other,
neyland stadium,CC,,,Other,
neyland stadium,D,,,Other,
neyland stadium,DD,,,Other,
neyland stadium,DECK,,,Other,
neyland stadium,EE,,,Other,
neyland stadium,FF,,,Other,
neyland stadium,G5/30,,,Other,
neyland stadium,GG,,,Other,
neyland stadium,HH,,,Other,
neyland stadium,II,,,Other,
neyland stadium,J,,,Other,
neyland stadium,JJ,,,Other,
neyland stadium,K,,,Other,
neyland stadium,KK,,,Other,
neyland stadium,L,,,Other,
neyland stadium,LL,,,Other,
neyland stadium,LOWER LEVEL,,,Other,
neyland stadium,LOWER PREMIUM,,,Other,
neyland stadium,LOWER SIDELINE,,,Other,
neyland stadium,M,,,Other,
neyland stadium,MM,,,Other,
neyland stadium,N,,,Other,
neyland stadium,NN,,,Other,
neyland stadium,NORTH UPPER DECK,,,Other,
neyland stadium,NORTH UPPER DECK GA,,,Floor / GA,
neyland stadium,O,,,Other,
neyland stadium,OO,,,Other,
neyland stadium,P,,,Other,
neyland stadium,PP,,,Other,
neyland stadium,Q,,,Other,
neyland stadium,QQ,,,Other,
neyland stadium,R,,,Other,
neyland stadium,S,,,Other,
neyland stadium,SECX1,,,Other,
neyland stadium,SECX2,,,Other,
neyland stadium,SECX3,,,Other,
neyland stadium,SECX4,,,Other,
neyland stadium,SECX5,,,Other,
neyland stadium,SECXX1,,,Other,
neyland stadium,SECXX2,,,Other,
neyland stadium,SECXX3,,,Other,
neyland stadium,SECXX4,,,Other,
neyland stadium,SECXX5,,,Other,
neyland stadium,SLC1,,,Other,
neyland stadium,SLC10,,,Other,
neyland stadium,SLC5,,,Other,
neyland stadium,SLC6,,,Other,
neyland stadium,SLC7,,,Other,
neyland stadium,SLC8,,,Other,
neyland stadium,SOCIAL DECK,,,Other,
neyland stadium,T,,,Other,
neyland stadium,T LOWER WEST CLUB,,,Other,
neyland stadium,TER-1,,,Other,
neyland stadium,TER-2,,,Other,
neyland stadium,TER-3,,,Other,
neyland stadium,TER-4,,,Other,
neyland stadium,TER-5,,,Other,
neyland stadium,TER-6,,,Other,
neyland stadium,TER-7,,,Other,
neyland stadium,TERRACE 2,,,Other,
neyland stadium,TERRACE 3,,,Other,
neyland stadium,TERRACE 5,,,Other,
neyland stadium,TERRACE 6,,,Other,
neyland stadium,U,,,Other,
neyland stadium,UPPER LEVEL,,,Other,
neyland stadium,UPPER LEVEL II,,,Other,
neyland stadium,UPPER OO,,,Other,
neyland stadium,UPPER QQ,,,Other,
neyland stadium,UPPER SIDELINE,,,Other,
neyland stadium,V,,,Other,
neyland stadium,VOLUNTEERS PREMIUM,,,Other,
neyland stadium,VOLUNTEERS SIDELINE,,,Other,
neyland stadium,W,,,Other,
neyland stadium,X 1,,,Other,
neyland stadium,X 2,,,Other,
neyland stadium,X 3,,,Other,
neyland stadium,X 4,,,Other,
neyland stadium,X 5,,,Other,
neyland stadium,X1,,,Other,
neyland stadium,X2,,,Other,
neyland stadium,X4,,,Other,
neyland stadium,X5,,,Other,
neyland stadium,XX 1,,,Other,
neyland stadium,XX 2,,,Other,
neyland stadium,XX 3,,,Other,
neyland stadium,XX 4,,,Other,
neyland stadium,XX 5,,,Other,
neyland stadium,Y 10,,,Other,
neyland stadium,Y 6,,,Other,
neyland stadium,Y 7,,,Other,
neyland stadium,Y 8,,,Other,
neyland stadium,Y 9,,,Other,
neyland stadium,Y10,,,Other,
neyland stadium,Y6,,,Other,
neyland stadium,Y7,,,Other,
neyland stadium,Y8,,,Other,
neyland stadium,Y9,,,Other,
neyland stadium,YY 10,,,Other,
neyland stadium,YY 6,,,Other,
neyland stadium,YY 7,,,Other,
neyland stadium,YY 9,,,Other,
neyland stadium,YY10,,,Other,
neyland stadium,YY6,,,Other,
neyland stadium,YY7,,,Other,
neyland stadium,YY9,,,Other,
neyland stadium,Z 11,,,Other,
neyland stadium,Z 12,,,Other,
neyland stadium,Z 13,,,Other,
neyland stadium,Z 14,,,Other,
neyland stadium,Z 15,,,Other,
neyland stadium,Z11,,,Other,
neyland stadium,Z12,,,Other,
neyland stadium,Z13,,,Other,
neyland stadium,Z14,,,Other,
neyland stadium,Z15,,,Other,
neyland stadium,ZZ 11,,,Other,
neyland stadium,ZZ 12,,,Other,
neyland stadium,ZZ 13,,,Other,
neyland stadium,ZZ 14,,,Other,
neyland stadium,ZZ 15,,,Other,
neyland stadium,ZZ-15,,,Other,
neyland stadium,ZZ11,,,Other,
neyland stadium,ZZ12,,,Other,
neyland stadium,ZZ13,,,Other,
neyland stadium,ZZ14,,,Other,
neyland stadium,ZZ15,,,Other,
neyland stadium,,,,Floor / GA,1
neyland stadium,,,,Other,0
nissan stadium,101,,,Lower (100s),
nissan stadium,102,,,Lower (100s),
nissan stadium,103,,,Lower (100s),
nissan stadium,104,,,Lower (100s),
nissan stadium,105,,,Lower (100s),
nissan stadium,106,,,Lower (100s),
nissan stadium,107,,,Lower (100s),
nissan stadium,108,,,Lower (100s),
nissan stadium,109,,,Lower (100s),
nissan stadium,112,,,Lower (100s),
nissan stadium,117,,,Lower (100s),
nissan stadium,119,,,Lower (100s),
nissan stadium,120,,,Lower (100s),
nissan stadium,122,,,Lower (100s),
nissan stadium,123,,,Lower (100s),
nissan stadium,124,,,Lower (100s),
nissan stadium,125,,,Lower (100s),
nissan stadium,126,,,Lower (100s),
nissan stadium,128,,,Lower (100s),
nissan stadium,129,,,Lower (100s),
nissan stadium,130,,,Lower (100s),
nissan stadium,131,,,Lower (100s),
nissan stadium,132,,,Lower (100s),
nissan stadium,136,,,Lower (100s),
nissan stadium,142,,,Lower (100s),
nissan stadium,146,,,Lower (100s),
nissan stadium,202,,,Club / Mezz (200s),
nissan stadium,203,,,Club / Mezz (200s),
nissan stadium,204,,,Club / Mezz (200s),
nissan stadium,205,,,Club / Mezz (200s),
nissan stadium,206,,,Club / Mezz (200s),
nissan stadium,207,,,Club / Mezz (200s),
nissan stadium,208,,,Club / Mezz (200s),
nissan stadium,209,,,Club / Mezz (200s),
nissan stadium,210,,,Club / Mezz (200s),
nissan stadium,211,,,Club / Mezz (200s),
nissan stadium,212,,,Club / Mezz (200s),
nissan stadium,213,,,Club / Mezz (200s),
nissan stadium,214,,,Club / Mezz (200s),
nissan stadium,215,,,Club / Mezz (200s),
nissan stadium,216,,,Club / Mezz (200s),
nissan stadium,217,,,Club / Mezz (200s),
nissan stadium,218,,,Club / Mezz (200s),
nissan stadium,219,,,Club / Mezz (200s),
nissan stadium,220,,,Club / Mezz (200s),
nissan stadium,221,,,Club / Mezz (200s),
nissan stadium,222,,,Club / Mezz (200s),
nissan stadium,225,,,Club / Mezz (200s),
nissan stadium,226,,,Club / Mezz (200s),
nissan stadium,227,,,Club / Mezz (200s),
nissan stadium,228,,,Club / Mezz (200s),
nissan stadium,229,,,Club / Mezz (200s),
nissan stadium,230,,,Club / Mezz (200s),
nissan stadium,231,,,Club / Mezz (200s),
nissan stadium,232,,,Club / Mezz (200s),
nissan stadium,233,,,Club / Mezz (200s),
nissan stadium,234,,,Club / Mezz (200s),
nissan stadium,235,,,Club / Mezz (200s),
nissan stadium,237,,,Club / Mezz (200s),
nissan stadium,238,,,Club / Mezz (200s),
nissan stadium,239,,,Club / Mezz (200s),
nissan stadium,240,,,Club / Mezz (200s),
nissan stadium,241,,,Club / Mezz (200s),
nissan stadium,242,,,Club / Mezz (200s),
nissan stadium,243,,,Club / Mezz (200s),
nissan stadium,244,,,Club / Mezz (200s),
nissan stadium,245,,,Club / Mezz (200s),
nissan stadium,LOGE 303,,,Upper (300s),
nissan stadium,LOGE 304,,,Upper (300s),
nissan stadium,LOGE 305,,,Upper (300s),
nissan stadium,LOGE 306,,,Upper (300s),
nissan stadium,LOGE 307,,,Upper (300s),
nissan stadium,LOGE 309,,,Upper (300s),
nissan stadium,LOGE 310,,,Upper (300s),
nissan stadium,LOGE 311,,,Upper (300s),
nissan stadium,LOGE 312,,,Upper (300s),
nissan stadium,LOGE 313,,,Upper (300s),
nissan stadium,LOGE 314,,,Upper (300s),
nissan stadium,LOGE 315,,,Upper (300s),
nissan stadium,LOGE 316,,,Upper (300s),
nissan stadium,LOGE 318,,,Upper (300s),
nissan stadium,LOGE 319,,,Upper (300s),
nissan stadium,LOGE 320,,,Upper (300s),
nissan stadium,LOGE 321,,,Upper (300s),
nissan stadium,LOGE 326,,,Upper (300s),
nissan stadium,LOGE 327,,,Upper (300s),
nissan stadium,LOGE 331,,,Upper (300s),
nissan stadium,LOGE 332,,,Upper (300s),
nissan stadium,LOGE 338,,,Upper (300s),
nissan stadium,LOGE 340,,,Upper (300s),
nissan stadium,LOGE 342,,,Upper (300s),
nissan stadium,LOGE 343,,,Upper (300s),
nissan stadium,LOGE 344,,,Upper (300s),
nissan stadium,UPPER 306,,,Upper (300s),
nissan stadium,UPPER 307,,,Upper (300s),
nissan stadium,UPPER 308,,,Upper (300s),
nissan stadium,UPPER 309,,,Upper (300s),
nissan stadium,UPPER 310,,,Upper (300s),
nissan stadium,UPPER 311,,,Upper (300s),
nissan stadium,UPPER 312,,,Upper (300s),
nissan stadium,UPPER 313,,,Upper (300s),
nissan stadium,UPPER 314,,,Upper (300s),
nissan stadium,UPPER 315,,,Upper (300s),
nissan stadium,UPPER 316,,,Upper (300s),
nissan stadium,UPPER 317,,,Upper (300s),
nissan stadium,UPPER 318,,,Upper (300s),
nissan stadium,UPPER 329,,,Upper (300s),
nissan stadium,UPPER 330,,,Upper (300s),
nissan stadium,UPPER 331,,,Upper (300s),
nissan stadium,UPPER 332,,,Upper (300s),
nissan stadium,UPPER 333,,,Upper (300s),
nissan stadium,UPPER 334,,,Upper (300s),
nissan stadium,UPPER 335,,,Upper (300s),
nissan stadium,UPPER 336,,,Upper (300s),
nissan stadium,UPPER 337,,,Upper (300s),
nissan stadium,UPPER 338,,,Upper (300s),
nissan stadium,UPPER 339,,,Upper (300s),
nissan stadium,UPPER 340,,,Upper (300s),
nissan stadium,UPPER 341,,,Upper (300s),
nissan stadium,,,,Club / Mezz (200s),1
nissan stadium,,,,Lower (100s),2
nissan stadium,,,,Upper (300s),0
nissan stadium - nashville,101,,,Lower (100s),
nissan stadium - nashville,102,,,Lower (100s),
nissan stadium - nashville,103,,,Lower (100s),
nissan stadium - nashville,104,,,Lower (100s),
nissan stadium - nashville,105,,,Lower (100s),
nissan stadium - nashville,106,,,Lower (100s),
nissan stadium - nashville,107,,,Lower (100s),
nissan stadium - nashville,108,,,Lower (100s),
nissan stadium - nashville,109,,,Lower (100s),
nissan stadium - nashville,110,,,Lower (100s),
nissan stadium - nashville,110 4TH AVE. S - SMEAD LOT,,,Lower (100s),
nissan stadium - nashville,111,,,Lower (100s),
nissan stadium - nashville,112,,,Lower (100s),
nissan stadium - nashville,113,,,Lower (100s),
nissan stadium - nashville,114,,,Lower (100s),
nissan stadium - nashville,115,,,Lower (100s),
nissan stadium - nashville,116,,,Lower (100s),
nissan stadium - nashville,117,,,Lower (100s),
nissan stadium - nashville,118,,,Lower (100s),
nissan stadium - nashville,119,,,Lower (100s),
nissan stadium - nashville,119 2ND AVE. S - LOT,,,Lower (100s),
nissan stadium - nashville,120,,,Lower (100s),
nissan stadium - nashville,122,,,Lower (100s),
nissan stadium - nashville,123,,,Lower (100s),
nissan stadium - nashville,124,,,Lower (100s),
nissan stadium - nashville,125,,,Lower (100s),
nissan stadium - nashville,126,,,Lower (100s),
nissan stadium - nashville,126 3RD AVE. N - GARAGE,,,Lower (100s),
nissan stadium - nashville,127,,,Lower (100s),
nissan stadium - nashville,128,,,Lower (100s),
nissan stadium - nashville,129,,,Lower (100s),
nissan stadium - nashville,130,,,Lower (100s),
nissan stadium - nashville,131,,,Lower (100s),
nissan stadium - nashville,132,,,Lower (100s),
nissan stadium - nashville,133,,,Lower (100s),
nissan stadium - nashville,134,,,Lower (100s),
nissan stadium - nashville,135,,,Lower (100s),
nissan stadium - nashville,136,,,Lower (100s),
nissan stadium - nashville,137,,,Lower (100s),
nissan stadium - nashville,138,,,Lower (100s),
nissan stadium - nashville,139,,,Lower (100s),
nissan stadium - nashville,140,,,Lower (100s),
nissan stadium - nashville,141,,,Lower (100s),
nissan stadium - nashville,142,,,Lower (100s),
nissan stadium - nashville,143,,,Lower (100s),
nissan stadium - nashville,145,,,Lower (100s),
nissan stadium - nashville,146,,,Lower (100s),
nissan stadium - nashville,150 2ND AVE. S (100 DEMONBREUN ST.),,,Lower (100s),
nissan stadium - nashville,150 3RD AVE. S - SYMPHONY PLACE GARAGE,,,Lower (100s),
nissan stadium - nashville,186 N.1ST ST.,,,Lower (100s),
nissan stadium - nashville,200 3RD AVE. N - THIRD LOT,,,Club / Mezz (200s),
nissan stadium - nashville,201,,,Club / Mezz (200s),
nissan stadium - nashville,201 UNION ST. - WASHINGTON SQUARE GARAGE,,,Club / Mezz (200s),
nissan stadium - nashville,202,,,Club / Mezz (200s),
nissan stadium - nashville,203,,,Club / Mezz (200s),
nissan stadium - nashville,204,,,Club / Mezz (200s),
nissan stadium - nashville,205,,,Club / Mezz (200s),
nissan stadium - nashville,205 2ND AVE. N - WHITE FRONT GARAGE- P3739 LOT,,,Club / Mezz (200s),
nissan stadium - nashville,206,,,Club / Mezz (200s),
nissan stadium - nashville,207,,,Club / Mezz (200s),
nissan stadium - nashville,208,,,Club / Mezz (200s),
nissan stadium - nashville,209,,,Club / Mezz (200s),
nissan stadium - nashville,210,,,Club / Mezz (200s),
nissan stadium - nashville,211,,,Club / Mezz (200s),
nissan stadium - nashville,212,,,Club / Mezz (200s),
nissan stadium - nashville,213,,,Club / Mezz (200s),
nissan stadium - nashville,214,,,Club / Mezz (200s),
nissan stadium - nashville,215,,,Club / Mezz (200s),
nissan stadium - nashville,215 CHURCH ST. - LOT P3743,,,Club / Mezz (200s),
nissan stadium - nashville,216,,,Club / Mezz (200s),
nissan stadium - nashville,217,,,Club / Mezz (200s),
nissan stadium - nashville,218,,,Club / Mezz (200s),
nissan stadium - nashville,219,,,Club / Mezz (200s),
nissan stadium - nashville,220,,,Club / Mezz (200s),
nissan stadium - nashville,221,,,Club / Mezz (200s),
nissan stadium - nashville,222,,,Club / Mezz (200s),
nissan stadium - nashville,225,,,Club / Mezz (200s),
nissan stadium - nashville,226,,,Club / Mezz (200s),
nissan stadium - nashville,227,,,Club / Mezz (200s),
nissan stadium - nashville,228,,,Club / Mezz (200s),
nissan stadium - nashville,229,,,Club / Mezz (200s),
nissan stadium - nashville,230,,,Club / Mezz (200s),
nissan stadium - nashville,231,,,Club / Mezz (200s),
nissan stadium - nashville,232,,,Club / Mezz (200s),
nissan stadium - nashville,233,,,Club / Mezz (200s),
nissan stadium - nashville,234,,,Club / Mezz (200s),
nissan stadium - nashville,235,,,Club / Mezz (200s),
nissan stadium - nashville,236,,,Club / Mezz (200s),
nissan stadium - nashville,237,,,Club / Mezz (200s),
nissan stadium - nashville,238,,,Club / Mezz (200s),
nissan stadium - nashville,239,,,Club / Mezz (200s),
nissan stadium - nashville,240,,,Club / Mezz (200s),
nissan stadium - nashville,241,,,Club / Mezz (200s),
nissan stadium - nashville,242,,,Club / Mezz (200s),
nissan stadium - nashville,243,,,Club / Mezz (200s),
nissan stadium - nashville,244,,,Club / Mezz (200s),
nissan stadium - nashville,245,,,Club / Mezz (200s),
nissan stadium - nashville,301 JAMES ROBERTSON PKWY. - LOT,,,Upper (300s),
nissan stadium - nashville,304,,,Upper (300s),
nissan stadium - nashville,305,,,Upper (300s),
nissan stadium - nashville,306,,,Upper (300s),
nissan stadium - nashville,307,,,Upper (300s),
nissan stadium - nashville,308,,,Upper (300s),
nissan stadium - nashville,309,,,Upper (300s),
nissan stadium - nashville,310,,,Upper (300s),
nissan stadium - nashville,310 COMMERCE ST GARAGE,,,Upper (300s),
nissan stadium - nashville,311,,,Upper (300s),
nissan stadium - nashville,312,,,Upper (300s),
nissan stadium - nashville,313,,,Upper (300s),
nissan stadium - nashville,314,,,Upper (300s),
nissan stadium - nashville,314 CHURCH ST. - PRINTERS ALLEY GARAGE,,,Upper (300s),
nissan stadium - nashville,315,,,Upper (300s),
nissan stadium - nashville,316,,,Upper (300s),
nissan stadium - nashville,317,,,Upper (300s),
nissan stadium - nashville,318,,,Upper (300s),
nissan stadium - nashville,319,,,Upper (300s),
nissan stadium - nashville,320,,,Upper (300s),
nissan stadium - nashville,321,,,Upper (300s),
nissan stadium - nashville,326,,,Upper (300s),
nissan stadium - nashville,327,,,Upper (300s),
nissan stadium - nashville,328,,,Upper (300s),
nissan stadium - nashville,329,,,Upper (300s),
nissan stadium - nashville,330,,,Upper (300s),
nissan stadium - nashville,331,,,Upper (300s),
nissan stadium - nashville,332,,,Upper (300s),
nissan stadium - nashville,333,,,Upper (300s),
nissan stadium - nashville,334,,,Upper (300s),
nissan stadium - nashville,335,,,Upper (300s),
nissan stadium - nashville,336,,,Upper (300s),
nissan stadium - nashville,337,,,Upper (300s),
nissan stadium - nashville,338,,,Upper (300s),
nissan stadium - nashville,339,,,Upper (300s),
nissan stadium - nashville,340,,,Upper (300s),
nissan stadium - nashville,341,,,Upper (300s),
nissan stadium - nashville,342,,,Upper (300s),
nissan stadium - nashville,343,,,Upper (300s),
nissan stadium - nashville,344,,,Upper (300s),
nissan stadium - nashville,411 UNION ST. (2 ARCADE ALLEY) - ALLEY LOT,,,Upper (400+),
nissan stadium - nashville,CARDINALS PREMIUM,,,Other,
nissan stadium - nashville,CARDINALS SIDELINE,,,Other,
nissan stadium - nashville,CLUB LEVEL,,,Other,
nissan stadium - nashville,DELUXE HOTEL,,,Other,
nissan stadium - nashville,L&C GARAGE,,,Other,
nissan stadium - nashville,LOGE 303,,,Upper (300s),
nissan stadium - nashville,LOGE 304,,,Upper (300s),
nissan stadium - nashville,LOGE 305,,,Upper (300s),
nissan stadium - nashville,LOGE 306,,,Upper (300s),
nissan stadium - nashville,LOGE 307,,,Upper (300s),
nissan stadium - nashville,LOGE 309,,,Upper (300s),
nissan stadium - nashville,LOGE 310,,,Upper (300s),
nissan stadium - nashville,LOGE 311,,,Upper (300s),
nissan stadium - nashville,LOGE 312,,,Upper (300s),
nissan stadium - nashville,LOGE 313,,,Upper (300s),
nissan stadium - nashville,LOGE 314,,,Upper (300s),
nissan stadium - nashville,LOGE 315,,,Upper (300s),
nissan stadium - nashville,LOGE 316,,,Upper (300s),
nissan stadium - nashville,LOGE 317,,,Upper (300s),
nissan stadium - nashville,LOGE 318,,,Upper (300s),
nissan stadium - nashville,LOGE 319,,,Upper (300s),
nissan stadium - nashville,LOGE 320,,,Upper (300s),
nissan stadium - nashville,LOGE 321,,,Upper (300s),
nissan stadium - nashville,LOGE 326,,,Upper (300s),
nissan stadium - nashville,LOGE 327,,,Upper (300s),
nissan stadium - nashville,LOGE 331,,,Upper (300s),
nissan stadium - nashville,LOGE 332,,,Upper (300s),
nissan stadium - nashville,LOGE 334,,,Upper (300s),
nissan stadium - nashville,LOGE 338,,,Upper (300s),
nissan stadium - nashville,LOGE 339,,,Upper (300s),
nissan stadium - nashville,LOGE 340,,,Upper (300s),
nissan stadium - nashville,LOGE 342,,,Upper (300s),
nissan stadium - nashville,LOGE 343,,,Upper (300s),
nissan stadium - nashville,LOGE 344,,,Upper (300s),
nissan stadium - nashville,LOT 30,,,Other,
nissan stadium - nashville,LOT 30 - 186 N 1ST ST.,,,Lower (100s),
nissan stadium - nashville,LOT P,,,Other,
nissan stadium - nashville,LOT R,,,Other,
nissan stadium - nashville,LOWER LEVEL,,,Other,
nissan stadium - nashville,PUBLIC SQUARE GARAGE,,,Other,
nissan stadium - nashville,REBELS PREMIUM,,,Other,
nissan stadium - nashville,REBELS SIDELINE,,,Other,
nissan stadium - nashville,ROLLING MILL HILL LOT,,,Other,
nissan stadium - nashville,UPPER 306,,,Upper (300s),
nissan stadium - nashville,UPPER 307,,,Upper (300s),
nissan stadium - nashville,UPPER 308,,,Upper (300s),
nissan stadium - nashville,UPPER 309,,,Upper (300s),
nissan stadium - nashville,UPPER 310,,,Upper (300s),
nissan stadium - nashville,UPPER 311,,,Upper (300s),
nissan stadium - nashville,UPPER 312,,,Upper (300s),
nissan stadium - nashville,UPPER 313,,,Upper (300s),
nissan stadium - nashville,UPPER 314,,,Upper (300s),
nissan stadium - nashville,UPPER 315,,,Upper (300s),
nissan stadium - nashville,UPPER 316,,,Upper (300s),
nissan stadium - nashville,UPPER 317,,,Upper (300s),
nissan stadium - nashville,UPPER 318,,,Upper (300s),
nissan stadium - nashville,UPPER 329,,,Upper (300s),
nissan stadium - nashville,UPPER 330,,,Upper (300s),
nissan stadium - nashville,UPPER 331,,,Upper (300s),
nissan stadium - nashville,UPPER 332,,,Upper (300s),
nissan stadium - nashville,UPPER 333,,,Upper (300s),
nissan stadium - nashville,UPPER 334,,,Upper (300s),
nissan stadium - nashville,UPPER 335,,,Upper (300s),
nissan stadium - nashville,UPPER 336,,,Upper (300s),
nissan stadium - nashville,UPPER 337,,,Upper (300s),
nissan stadium - nashville,UPPER 338,,,Upper (300s),
nissan stadium - nashville,UPPER 339,,,Upper (300s),
nissan stadium - nashville,UPPER 340,,,Upper (300s),
nissan stadium - nashville,UPPER 341,,,Upper (300s),
nissan stadium - nashville,UPPER LEVEL,,,Other,
nissan stadium - nashville,,,,Club / Mezz (200s),2
nissan stadium - nashville,,,,Lower (100s),1
nissan stadium - nashville,,,,Other,3
nissan stadium - nashville,,,,Upper (300s),0
nissan stadium - nashville,,,,Upper (400+),4
notre dame stadium,1,,,Cat K - LL North endzone,
notre dame stadium,10,,,Cat C - LL 30-50 yardline and PS sections Visitor Side,
notre dame stadium,101,,,O - UL North endzone,
notre dame stadium,102,,,O - UL North endzone,
notre dame stadium,103,,,O - UL North endzone,
notre dame stadium,104,,,Cat N - UL corner Visitor side,
notre dame stadium,105,,,Cat N - UL corner Visitor side,
notre dame stadium,106,,,Cat N - UL corner Visitor side,
notre dame stadium,107,,,Cat G - UL 25-50 yardline Visitor side,
notre dame stadium,108,,,Cat G - UL 25-50 yardline Visitor side,
notre dame stadium,109,,,Cat G - UL 25-50 yardline Visitor side,
notre dame stadium,11,,,Cat C - LL 30-50 yardline and PS sections Visitor Side,
notre dame stadium,110,,,Cat G - UL 25-50 yardline Visitor side,
notre dame stadium,111,,,Cat G - UL 25-50 yardline Visitor side,
notre dame stadium,112,,,Cat G - UL 25-50 yardline Visitor side,
notre dame stadium,113,,,Cat N - UL corner Visitor side,
notre dame stadium,114,,,Cat N - UL corner Visitor side,
notre dame stadium,115,,,Cat N - UL corner Visitor side,
notre dame stadium,116,,,Cat Q - UL Visitor endzone,
notre dame stadium,117,,,Cat Q - UL Visitor endzone,
notre dame stadium,118,,,Cat Q - UL Visitor endzone,
notre dame stadium,119,,,P - UL South endzone,
notre dame stadium,12,,,Cat D - LL 10-20 yardline Visitor side,
notre dame stadium,120,,,P - UL South endzone,
notre dame stadium,121,,,P - UL South endzone,
notre dame stadium,122,,,Cat M - UL corner Home side,
notre dame stadium,123,,,Cat M - UL corner Home side,
notre dame stadium,124,,,Cat M - UL corner Home side,
notre dame stadium,125,,,Cat G - UL G-25 yardline Home side,
notre dame stadium,126,,,Cat G - UL G-25 yardline Home side,
notre dame stadium,127,,,Cat F - UL 25-50 yardline Home side,
notre dame stadium,128,,,Cat F - UL 25-50 yardline Home side,
notre dame stadium,129,,,Cat F - UL 25-50 yardline Home side,
notre dame stadium,13,,,Cat E - LL G-10 yardline Visitor Side,
notre dame stadium,13.,,,Other,
notre dame stadium,130,,,Cat G - UL G-25 yardline Home side,
notre dame stadium,131,,,Cat G - UL G-25 yardline Home side,
notre dame stadium,132,,,Cat M - UL corner Home side,
notre dame stadium,133,,,Cat M - UL corner Home side,
notre dame stadium,134,,,Cat M - UL corner Home side,
notre dame stadium,135,,,O - UL North endzone,
notre dame stadium,136,,,O - UL North endzone,
notre dame stadium,14,,,J - LL corner Visitor Side,
notre dame stadium,15,,,J - LL corner Visitor Side,
notre dame stadium,16,,,J - LL corner Visitor Side,
notre dame stadium,17,,,Cat L - LL South endzone,
notre dame stadium,18,,,Cat L - LL South endzone,
notre dame stadium,19,,,Cat L - LL South endzone,
notre dame stadium,1:JOYCE,,,Other,
notre dame stadium,1:STADIUM,,,Other,
notre dame stadium,2,,,Cat K - LL North endzone,
notre dame stadium,20,,,Cat L - LL South endzone,
notre dame stadium,202,,,Club / Mezz (200s),
notre dame stadium,203,,,Club / Mezz (200s),
notre dame stadium,204,,,Club / Mezz (200s),
notre dame stadium,207,,,Club / Mezz (200s),
notre dame stadium,208,,,Club / Mezz (200s),
notre dame stadium,209,,,Club / Mezz (200s),
notre dame stadium,21,,,Cat L - LL South endzone,
notre dame stadium,210,,,Club / Mezz (200s),
notre dame stadium,211,,,Club / Mezz (200s),
notre dame stadium,212,,,Club / Mezz (200s),
notre dame stadium,213,,,Club / Mezz (200s),
notre dame stadium,215,,,Club / Mezz (200s),
notre dame stadium,217,,,Club / Mezz (200s),
notre dame stadium,218,,,Club / Mezz (200s),
notre dame stadium,219,,,Club / Mezz (200s),
notre dame stadium,22,,,Cat I - LL corner Home Side,
notre dame stadium,220,,,Club / Mezz (200s),
notre dame stadium,221,,,Club / Mezz (200s),
notre dame stadium,227,,,Club / Mezz (200s),
notre dame stadium,229,,,Club / Mezz (200s),
notre dame stadium,23,,,Cat I - LL corner Home Side,
notre dame stadium,230,,,Club / Mezz (200s),
notre dame stadium,231,,,Club / Mezz (200s),
notre dame stadium,232,,,Club / Mezz (200s),
notre dame stadium,233,,,Club / Mezz (200s),
notre dame stadium,234,,,Club / Mezz (200s),
notre dame stadium,235,,,Club / Mezz (200s),
notre dame stadium,237,,,Club / Mezz (200s),
notre dame stadium,238,,,Club / Mezz (200s),
notre dame stadium,239,,,Club / Mezz (200s),
notre dame stadium,24,,,Cat I - LL corner Home Side,
notre dame stadium,240,,,Club / Mezz (200s),
notre dame stadium,241,,,Club / Mezz (200s),
notre dame stadium,242,,,Club / Mezz (200s),
notre dame stadium,243,,,Club / Mezz (200s),
notre dame stadium,246,,,Club / Mezz (200s),
notre dame stadium,25,,,Cat B - LL G-30 yardline Home Side,
notre dame stadium,26,,,Cat B - LL G-30 yardline Home Side,
notre dame stadium,27,,,Cat A - LL 30 50 yardline and PS sections Home Side,
notre dame stadium,28,,,Cat A - LL 30 50 yardline and PS sections Home Side,
notre dame stadium,29,,,Other,
notre dame stadium,3,,,Cat K - LL North endzone,
notre dame stadium,30,,,Other,
notre dame stadium,301,,,Upper (300s),
notre dame stadium,302,,,Upper (300s),
notre dame stadium,303,,,Upper (300s),
notre dame stadium,304,,,Upper (300s),
notre dame stadium,305,,,Upper (300s),
notre dame stadium,306,,,Upper (300s),
notre dame stadium,307,,,Upper (300s),
notre dame stadium,308,,,Upper (300s),
notre dame stadium,309,,,Upper (300s),
notre dame stadium,310,,,Upper (300s),
notre dame stadium,311,,,Upper (300s),
notre dame stadium,312,,,Upper (300s),
notre dame stadium,313,,,Upper (300s),
notre dame stadium,314,,,Upper (300s),
notre dame stadium,315,,,Upper (300s),
notre dame stadium,316,,,Upper (300s),
notre dame stadium,317,,,Upper (300s),
notre dame stadium,318,,,Upper (300s),
notre dame stadium,319,,,Upper (300s),
notre dame stadium,320,,,Upper (300s),
notre dame stadium,321,,,Upper (300s),
notre dame stadium,322,,,Upper (300s),
notre dame stadium,323,,,Upper (300s),
notre dame stadium,324,,,Upper (300s),
notre dame stadium,325,,,Upper (300s),
notre dame stadium,326,,,Upper (300s),
notre dame stadium,327,,,Upper (300s),
notre dame stadium,328,,,Upper (300s),
notre dame stadium,329,,,Upper (300s),
notre dame stadium,330,,,Upper (300s),
notre dame stadium,331,,,Upper (300s),
notre dame stadium,332,,,Upper (300s),
notre dame stadium,333,,,Upper (300s),
notre dame stadium,334,,,Upper (300s),
notre dame stadium,335,,,Upper (300s),
notre dame stadium,337,,,Upper (300s),
notre dame stadium,338,,,Upper (300s),
notre dame stadium,339,,,Upper (300s),
notre dame stadium,340,,,Upper (300s),
notre dame stadium,341,,,Upper (300s),
notre dame stadium,342,,,Upper (300s),
notre dame stadium,343,,,Upper (300s),
notre dame stadium,344,,,Upper (300s),
notre dame stadium,345,,,Upper (300s),
notre dame stadium,346,,,Upper (300s),
notre dame stadium,4,,,J - LL corner Visitor Side,
notre dame stadium,5,,,J - LL corner Visitor Side,
notre dame stadium,58,,,Other,
notre dame stadium,6,,,J - LL corner Visitor Side,
notre dame stadium,7,,,Cat E - LL G-10 yardline Visitor Side,
notre dame stadium,706,,,Upper (400+),
notre dame stadium,707,,,Upper (400+),
notre dame stadium,708,,,Upper (400+),
notre dame stadium,712,,,Upper (400+),
notre dame stadium,8,,,Cat D - LL 10-20 yardline Visitor side,
notre dame stadium,807,,,Upper (400+),
notre dame stadium,808,,,Upper (400+),
notre dame stadium,810,,,"Cat R - 700, 800 & 900 level Premium Club",
notre dame stadium,811,,,"Cat R - 700, 800 & 900 level Premium Club",
notre dame stadium,9,,,Cat L - LL South endzone,
notre dame stadium,9 BOXC,,,Other,
notre dame stadium,BLUE LOT,,,Other,
notre dame stadium,BLUE LOT GA,,,Floor / GA,
notre dame stadium,BOOKSTORE,,,Other,
notre dame stadium,CHARLES LOT,,,Other,
notre dame stadium,CLUB:708,,,Upper (400+),
notre dame stadium,CLUB;708,,,Upper (400+),
notre dame stadium,CORBETT CLUB 705,,,Upper (400+),
notre dame stadium,CORBETT CLUB 706,,,Upper (400+),
notre dame stadium,CORBETT CLUB 707,,,Upper (400+),
notre dame stadium,CORBETT CLUB 708,,,Upper (400+),
notre dame stadium,CORBETT CLUB 709,,,Upper (400+),
notre dame stadium,CORBETT CLUB 710,,,Upper (400+),
notre dame stadium,CORBETT CLUB 711,,,Upper (400+),
notre dame stadium,CORBETT CLUB 712,,,Upper (400+),
notre dame stadium,CORBETT CLUB 802,,,Upper (400+),
notre dame stadium,CORBETT CLUB 803,,,Upper (400+),
notre dame stadium,CORBETT CLUB 804,,,Upper (400+),
notre dame stadium,CORBETT CLUB 805,,,Upper (400+),
notre dame stadium,CORBETT CLUB 806,,,Upper (400+),
notre dame stadium,CORBETT CLUB 807,,,Upper (400+),
notre dame stadium,CORBETT CLUB 808,,,Upper (400+),
notre dame stadium,CORBETT CLUB 809,,,Upper (400+),
notre dame stadium,CORBETT CLUB 810,,,Upper (400+),
notre dame stadium,CORBETT CLUB 811,,,Upper (400+),
notre dame stadium,CORBETT CLUB 812,,,Upper (400+),
notre dame stadium,CORBETT LOGE 703,,,Upper (400+),
notre dame stadium,CORBETT LOGE 715,,,Upper (400+),
notre dame stadium,CORBETT LOGE 716,,,Upper (400+),
notre dame stadium,CORBETT LOGE 717,,,Upper (400+),
notre dame stadium,CORBETTCLUB706,,,Upper (400+),
notre dame stadium,CORBETTCLUB707,,,Upper (400+),
notre dame stadium,CORBETTCLUB712,,,Upper (400+),
notre dame stadium,CORBETTCLUB803,,,Upper (400+),
notre dame stadium,CORBETTCLUB805,,,Upper (400+),
notre dame stadium,CORBETTCLUB807,,,Upper (400+),
notre dame stadium,CORBETTCLUB808,,,Upper (400+),
notre dame stadium,DUNCAN CLUB 724,,,Upper (400+),
notre dame stadium,DUNCAN CLUB 725,,,Upper (400+),
notre dame stadium,DUNCAN CLUB 727,,,Upper (400+),
notre dame stadium,DUNCAN CLUB 729,,,Upper (400+),
notre dame stadium,DUNCAN CLUB 730,,,Upper (400+),
notre dame stadium,DUNCAN CLUB 731,,,Upper (400+),
notre dame stadium,DUNCAN CLUB 732,,,Upper (400+),
notre dame stadium,DUNCAN CLUB 822,,,Upper (400+),
notre dame stadium,DUNCAN CLUB 823,,,Upper (400+),
notre dame stadium,DUNCAN CLUB 832,,,Upper (400+),
notre dame stadium,DUNCAN LOGE 722,,,Upper (400+),
notre dame stadium,DUNCAN LOGE 734,,,Upper (400+),
notre dame stadium,DUNCAN LOGE 735,,,Upper (400+),
notre dame stadium,DUNCANCLUB729,,,Upper (400+),
notre dame stadium,DUNCANCLUB731,,,Upper (400+),
notre dame stadium,DUNCANCLUB832,,,Upper (400+),
notre dame stadium,EDDY STREET COMMONS,,,Other,
notre dame stadium,GA,,,Floor / GA,
notre dame stadium,IRONWOOD CIRCLE PARKING LOT,,,Other,
notre dame stadium,JOYCE,,,Other,
notre dame stadium,JOYCE LOT,,,Other,
notre dame stadium,L 21,,,Other,
notre dame stadium,L:1,,,Other,
notre dame stadium,L:11,,,Other,
notre dame stadium,L:28,,,Other,
notre dame stadium,L;28,,,Other,
notre dame stadium,LOWER 1,,,Other,
notre dame stadium,LOWER 10,,,Other,
notre dame stadium,LOWER 11,,,Other,
notre dame stadium,LOWER 12,,,Other,
notre dame stadium,LOWER 13,,,Other,
notre dame stadium,LOWER 14,,,Other,
notre dame stadium,LOWER 15,,,Other,
notre dame stadium,LOWER 16,,,Other,
notre dame stadium,LOWER 17,,,Other,
notre dame stadium,LOWER 18,,,Other,
notre dame stadium,LOWER 19,,,Other,
notre dame stadium,LOWER 2,,,Other,
notre dame stadium,LOWER 20,,,Other,
notre dame stadium,LOWER 21,,,Other,
notre dame stadium,LOWER 22,,,Other,
notre dame stadium,LOWER 23,,,Other,
notre dame stadium,LOWER 24,,,Other,
notre dame stadium,LOWER 25,,,Other,
notre dame stadium,LOWER 26,,,Other,
notre dame stadium,LOWER 27,,,Other,
notre dame stadium,LOWER 28,,,Other,
notre dame stadium,LOWER 3,,,Other,
notre dame stadium,LOWER 4,,,Other,
notre dame stadium,LOWER 5,,,Other,
notre dame stadium,LOWER 6,,,Other,
notre dame stadium,LOWER 7,,,Other,
notre dame stadium,LOWER 8,,,Other,
notre dame stadium,LOWER 9,,,Other,
notre dame stadium,LOWER LEVEL,,,Other,
notre dame stadium,LOWER PREMIUM,,,Other,
notre dame stadium,LOWER SIDELINE,,,Other,
notre dame stadium,MED,,,Other,
notre dame stadium,MED SCHOOL LOT,,,Other,
notre dame stadium,NA,,,Other,
notre dame stadium,NORTH LOT,,,Other,
notre dame stadium,NORTH LOTS,,,Other,
notre dame stadium,NORTHLOTS,,,Other,
notre dame stadium,NOTRE DAME SIDELINE,,,Other,
notre dame stadium,P:27,,,Other,
notre dame stadium,P:9,,,Other,
notre dame stadium,PREFERRED SEATING 10,,,Other,
notre dame stadium,PREFERRED SEATING 11,,,Other,
notre dame stadium,PREFERRED SEATING 12,,,Other,
notre dame stadium,PREFERRED SEATING 26,,,Other,
notre dame stadium,PREFERRED SEATING 27,,,Other,
notre dame stadium,PREFERRED SEATING 28,,,Other,
notre dame stadium,PREFERRED SEATING 29,,,Other,
notre dame stadium,PREFERRED SEATING 30,,,Other,
notre dame stadium,PREFERRED SEATING 8,,,Other,
notre dame stadium,PREFERRED SEATING 9,,,Other,
notre dame stadium,PS12,,,Other,
notre dame stadium,PS30,,,Other,
notre dame stadium,PS8,,,Other,
notre dame stadium,SEVEN ON 9 901,,,Upper (400+),
notre dame stadium,SEVEN ON 9 904,,,Upper (400+),
notre dame stadium,SEVENON9904,,,Upper (400+),
notre dame stadium,STADIUM,,,Other,
notre dame stadium,TBA,,,Other,
notre dame stadium,U125,,,Lower (100s),
notre dame stadium,U134,,,Other,
notre dame stadium,U:123,,,Lower (100s),
notre dame stadium,U:125,,,Lower (100s),
notre dame stadium,U:126,,,Lower (100s),
notre dame stadium,UPPER 101,,,Lower (100s),
notre dame stadium,UPPER 102,,,Lower (100s),
notre dame stadium,UPPER 103,,,Lower (100s),
notre dame stadium,UPPER 104,,,Lower (100s),
notre dame stadium,UPPER 105,,,Lower (100s),
notre dame stadium,UPPER 106,,,Lower (100s),
notre dame stadium,UPPER 107,,,Lower (100s),
notre dame stadium,UPPER 108,,,Lower (100s),
notre dame stadium,UPPER 109,,,Lower (100s),
notre dame stadium,UPPER 110,,,Lower (100s),
notre dame stadium,UPPER 111,,,Lower (100s),
notre dame stadium,UPPER 112,,,Lower (100s),
notre dame stadium,UPPER 113,,,Lower (100s),
notre dame stadium,UPPER 114,,,Lower (100s),
notre dame stadium,UPPER 115,,,Lower (100s),
notre dame stadium,UPPER 116,,,Lower (100s),
notre dame stadium,UPPER 117,,,Lower (100s),
notre dame stadium,UPPER 119,,,Lower (100s),
notre dame stadium,UPPER 120,,,Lower (100s),
notre dame stadium,UPPER 121,,,Lower (100s),
notre dame stadium,UPPER 122,,,Lower (100s),
notre dame stadium,UPPER 123,,,Lower (100s),
notre dame stadium,UPPER 124,,,Lower (100s),
notre dame stadium,UPPER 125,,,Lower (100s),
notre dame stadium,UPPER 126,,,Lower (100s),
notre dame stadium,UPPER 127,,,Lower (100s),
notre dame stadium,UPPER 128,,,Lower (100s),
notre dame stadium,UPPER 129,,,Lower (100s),
notre dame stadium,UPPER 130,,,Lower (100s),
notre dame stadium,UPPER 131,,,Lower (100s),
notre dame stadium,UPPER 132,,,Lower (100s),
notre dame stadium,UPPER 133,,,Lower (100s),
notre dame stadium,UPPER 134,,,Lower (100s),
notre dame stadium,UPPER 135,,,Lower (100s),
notre dame stadium,UPPER 136,,,Lower (100s),
notre dame stadium,UPPER LEVEL,,,Other,
notre dame stadium,UPPER SIDELINE,,,Other,
notre dame stadium,WHITE,,,Other,
notre dame stadium,WHITE FIELD,,,Other,
notre dame stadium,WHITE FIELD GOLD,,,Other,
notre dame stadium,WHITE FIELD PARKING,,,Other,
notre dame stadium,WHITE LOT,,,Other,
notre dame stadium,WHITE PARKING LOT,,,Other,
notre dame stadium,WHITESTM,,,Other,
notre dame stadium,WISSCO GAMEDAY,,,Other,
notre dame stadium,WISSCO GAMEDAY PARKING LOT,,,Other,
notre dame stadium,WISSCO GAMEPLAY,,,Other,
notre dame stadium,,,,Cat A - LL 30 50 yardline and PS sections Home Side,3
notre dame stadium,,,,Cat B - LL G-30 yardline Home Side,4
notre dame stadium,,,,Cat C - LL 30-50 yardline and PS sections Visitor Side,5
notre dame stadium,,,,Cat D - LL 10-20 yardline Visitor side,6
notre dame stadium,,,,Cat E - LL G-10 yardline Visitor Side,7
notre dame stadium,,,,Cat F - UL 25-50 yardline Home side,8
notre dame stadium,,,,Cat G - UL 25-50 yardline Visitor side,9
notre dame stadium,,,,Cat G - UL G-25 yardline Home side,10
notre dame stadium,,,,Cat H - UL G-25 yardline Visitor side,11
notre dame stadium,,,,Cat I - LL corner Home Side,12
notre dame stadium,,,,Cat K - LL North endzone,14
notre dame stadium,,,,Cat L - LL South endzone,15
notre dame stadium,,,,Cat M - UL corner Home side,16
notre dame stadium,,,,Cat N - UL corner Visitor side,17
notre dame stadium,,,,Cat Q - UL Visitor endzone,20
notre dame stadium,,,,"Cat R - 700, 800 & 900 level Premium Club",21
notre dame stadium,,,,Club / Mezz (200s),26
notre dame stadium,,,,Floor / GA,24
notre dame stadium,,,,J - LL corner Visitor Side,13
notre dame stadium,,,,Lower (100s),22
notre dame stadium,,,,O - UL North endzone,18
notre dame stadium,,,,Other,1
notre dame stadium,,,,P - UL South endzone,19
notre dame stadium,,,,Upper (300s),25
notre dame stadium,,,,Upper (400+),23
saban field at bryant-denny stadium,101,,,Cat G - West Corner EZ,
saban field at bryant-denny stadium,102,,,Cat E - West GL-10yd,
saban field at bryant-denny stadium,103,,,Cat E - West GL-10yd,
saban field at bryant-denny stadium,104,,,Cat C - West 10-30 yardline,
saban field at bryant-denny stadium,105,,,Cat C - West 10-30 yardline,
saban field at bryant-denny stadium,106,,,Cat A - West Side Center 3,
saban field at bryant-denny stadium,107,,,Cat A - West Side Center 3,
saban field at bryant-denny stadium,108,,,Cat A - West Side Center 3,
saban field at bryant-denny stadium,109,,,Cat C - West 10-30 yardline,
saban field at bryant-denny stadium,110,,,Cat C - West 10-30 yardline,
saban field at bryant-denny stadium,111,,,Cat E - West GL-10yd,
saban field at bryant-denny stadium,112,,,Cat E - West GL-10yd,
saban field at bryant-denny stadium,113,,,Cat G - West Corner EZ,
saban field at bryant-denny stadium,114,,,Cat G - West Corner EZ,
saban field at bryant-denny stadium,115,,,Cat I - Lower North EZ,
saban field at bryant-denny stadium,116,,,Cat I - Lower North EZ,
saban field at bryant-denny stadium,117,,,Cat I - Lower North EZ,
saban field at bryant-denny stadium,118,,,Cat I - Lower North EZ,
saban field at bryant-denny stadium,119,,,Cat I - Lower North EZ,
saban field at bryant-denny stadium,120,,,Cat I - Lower North EZ,
saban field at bryant-denny stadium,121,,,Cat H - East Corner EZ,
saban field at bryant-denny stadium,122,,,Cat H - East Corner EZ,
saban field at bryant-denny stadium,123,,,Cat F - East GL-10yd,
saban field at bryant-denny stadium,124,,,Cat F - East GL-10yd,
saban field at bryant-denny stadium,125,,,Cat D - East 10-30 yardline,
saban field at bryant-denny stadium,126,,,Cat D - East 10-30 yardline,
saban field at bryant-denny stadium,127,,,Cat B - East Side Center 3,
saban field at bryant-denny stadium,128,,,Cat B - East Side Center 3,
saban field at bryant-denny stadium,129,,,Cat B - East Side Center 3,
saban field at bryant-denny stadium,130,,,Cat J - Lower South EZ (Students),
saban field at bryant-denny stadium,131,,,Cat J - Lower South EZ (Students),
saban field at bryant-denny stadium,142,,,Cat G - West Corner EZ,
saban field at bryant-denny stadium,500,,,Other,
saban field at bryant-denny stadium,801,,,Cat P - Upper East Corner,
saban field at bryant-denny stadium,802,,,Cat P - Upper East Corner,
saban field at bryant-denny stadium,803,,,Cat P - Upper East Corner,
saban field at bryant-denny stadium,804,,,Cat N - Upper East Side GL-20yd,
saban field at bryant-denny stadium,805,,,Cat N - Upper East Side GL-20yd,
saban field at bryant-denny stadium,806,,,Cat L - Upper East Side Between 20 yardlines,
saban field at bryant-denny stadium,807,,,Cat L - Upper East Side Between 20 yardlines,
saban field at bryant-denny stadium,808,,,Cat L - Upper East Side Between 20 yardlines,
saban field at bryant-denny stadium,809,,,Cat L - Upper East Side Between 20 yardlines,
saban field at bryant-denny stadium,810,,,Cat L - Upper East Side Between 20 yardlines,
saban field at bryant-denny stadium,811,,,Cat L - Upper East Side Between 20 yardlines,
saban field at bryant-denny stadium,812,,,Cat N - Upper East Side GL-20yd,
saban field at bryant-denny stadium,813,,,Cat N - Upper East Side GL-20yd,
saban field at bryant-denny stadium,814,,,Cat P - Upper East Corner,
saban field at bryant-denny stadium,815,,,Cat P - Upper East Corner,
saban field at bryant-denny stadium,816,,,Cat P - Upper East Corner,
saban field at bryant-denny stadium,817,,,Upper (400+),
saban field at bryant-denny stadium,818,,,Cat Q - Upper North EZ,
saban field at bryant-denny stadium,819,,,Cat Q - Upper North EZ,
saban field at bryant-denny stadium,820,,,Cat Q - Upper North EZ,
saban field at bryant-denny stadium,821,,,Cat Q - Upper North EZ,
saban field at bryant-denny stadium,822,,,Cat Q - Upper North EZ,
saban field at bryant-denny stadium,823,,,Cat Q - Upper North EZ,
saban field at bryant-denny stadium,824,,,Cat Q - Upper North EZ,
saban field at bryant-denny stadium,825,,,Cat Q - Upper North EZ,
saban field at bryant-denny stadium,826,,,Cat Q - Upper North EZ,
saban field at bryant-denny stadium,827,,,Cat Q - Upper North EZ,
saban field at bryant-denny stadium,828,,,Cat Q - Upper North EZ,
saban field at bryant-denny stadium,829,,,Cat Q - Upper North EZ,
saban field at bryant-denny stadium,830,,,Upper (400+),
saban field at bryant-denny stadium,831,,,Cat O - Upper West Corner,
saban field at bryant-denny stadium,832,,,Cat O - Upper West Corner,
saban field at bryant-denny stadium,833,,,Cat O - Upper West Corner,
saban field at bryant-denny stadium,834,,,Cat M - Upper West Side GL-20yd,
saban field at bryant-denny stadium,835,,,Cat M - Upper West Side GL-20yd,
saban field at bryant-denny stadium,836,,,Cat K - Upper West Side Between 20 yardlines,
saban field at bryant-denny stadium,837,,,Cat K - Upper West Side Between 20 yardlines,
saban field at bryant-denny stadium,838,,,Cat K - Upper West Side Between 20 yardlines,
saban field at bryant-denny stadium,839,,,Cat K - Upper West Side Between 20 yardlines,
saban field at bryant-denny stadium,840,,,Cat K - Upper West Side Between 20 yardlines,
saban field at bryant-denny stadium,841,,,Cat K - Upper West Side Between 20 yardlines,
saban field at bryant-denny stadium,842,,,Cat M - Upper West Side GL-20yd,
saban field at bryant-denny stadium,843,,,Cat M - Upper West Side GL-20yd,
saban field at bryant-denny stadium,844,,,Cat O - Upper West Corner,
saban field at bryant-denny stadium,845,,,Cat O - Upper West Corner,
saban field at bryant-denny stadium,846,,,Cat O - Upper West Corner,
saban field at bryant-denny stadium,847,,,Other,
saban field at bryant-denny stadium,848,,,Cat S - Upper South EZ (Students),
saban field at bryant-denny stadium,849,,,Cat S - Upper South EZ (Students),
saban field at bryant-denny stadium,850,,,Cat S - Upper South EZ (Students),
saban field at bryant-denny stadium,851,,,Cat S - Upper South EZ (Students),
saban field at bryant-denny stadium,852,,,Cat S - Upper South EZ (Students),
saban field at bryant-denny stadium,853,,,Cat R - Upper South EZ,
saban field at bryant-denny stadium,854,,,Cat R - Upper South EZ,
saban field at bryant-denny stadium,855,,,Cat R - Upper South EZ,
saban field at bryant-denny stadium,856,,,Cat R - Upper South EZ,
saban field at bryant-denny stadium,857,,,Cat R - Upper South EZ,
saban field at bryant-denny stadium,858,,,Cat R - Upper South EZ,
saban field at bryant-denny stadium,859,,,Cat R - Upper South EZ,
saban field at bryant-denny stadium,860,,,Other,
saban field at bryant-denny stadium,ALABAMA PREMIUM,,,Other,
saban field at bryant-denny stadium,ALABAMA SIDELINE,,,Other,
saban field at bryant-denny stadium,BD NCHP 6,,,Other,
saban field at bryant-denny stadium,BD NCHP 7,,,Other,
saban field at bryant-denny stadium,BD NTER 4,,,Other,
saban field at bryant-denny stadium,BD SCHP 3,,,Other,
saban field at bryant-denny stadium,BD;101,,,Lower (100s),
saban field at bryant-denny stadium,BD;500,,,Upper (400+),
saban field at bryant-denny stadium,BD;823,,,Upper (400+),
saban field at bryant-denny stadium,BD;845,,,Upper (400+),
saban field at bryant-denny stadium,CAMPUS DRIVE WEST,,,Other,
saban field at bryant-denny stadium,CAPSTON LO,,,Other,
saban field at bryant-denny stadium,CAPSTONE D,,,Other,
saban field at bryant-denny stadium,CAPSTONE DECK,,,Other,
saban field at bryant-denny stadium,CAPSTONE L,,,Other,
saban field at bryant-denny stadium,CHAMPIONS CLUB 2,,,"Cat V - Clubs (Ivory, Terrace, Champions)",
saban field at bryant-denny stadium,CHAMPIONS CLUB 5,,,Other,
saban field at bryant-denny stadium,COLEMAN,,,Other,
saban field at bryant-denny stadium,COLEMAN COLISEUM LOT,,,Other,
saban field at bryant-denny stadium,COLEMAN COLISEUM PARKING LOT,,,Other,
saban field at bryant-denny stadium,GORDON PALMER LOT,,,Other,
saban field at bryant-denny stadium,IVORY CLUB,,,Other,
saban field at bryant-denny stadium,LOT A,,,Other,
saban field at bryant-denny stadium,LOT B,,,Other,
saban field at bryant-denny stadium,LOT C,,,Other,
saban field at bryant-denny stadium,LOWER LEVEL,,,Other,
saban field at bryant-denny stadium,LOWER LEVEL 106,,,Lower (100s),
saban field at bryant-denny stadium,LOWER LEVEL 108,,,Lower (100s),
saban field at bryant-denny stadium,LOWER LEVEL 109,,,Lower (100s),
saban field at bryant-denny stadium,LOWER LEVEL 115,,,Lower (100s),
saban field at bryant-denny stadium,LOWER LEVEL 120,,,Lower (100s),
saban field at bryant-denny stadium,LOWER LEVEL 121,,,Lower (100s),
saban field at bryant-denny stadium,LOWER LEVEL 127,,,Lower (100s),
saban field at bryant-denny stadium,LOWER LEVEL 129,,,Lower (100s),
saban field at bryant-denny stadium,LOWER PREMIUM,,,Other,
saban field at bryant-denny stadium,LOWER SIDELINE,,,Other,
saban field at bryant-denny stadium,NCC7,,,Other,
saban field at bryant-denny stadium,NCHP-5,,,Other,
saban field at bryant-denny stadium,NFS,,,Other,
saban field at bryant-denny stadium,NORTH CHAMPIONS CLUB 5,,,Other,
saban field at bryant-denny stadium,NORTH CHAMPIONS CLUB 6,,,Other,
saban field at bryant-denny stadium,NORTH CHAMPIONS CLUB 7,,,Other,
saban field at bryant-denny stadium,NORTH CHAMPIONS CLUB 8,,,Other,
saban field at bryant-denny stadium,NORTH FIELD SUITE,,,Other,
saban field at bryant-denny stadium,NORTH ZONE,,,Cat T - North Zone,
saban field at bryant-denny stadium,NORTH ZONE 10,,,Cat T - North Zone,
saban field at bryant-denny stadium,NORTH ZONE 11,,,Cat T - North Zone,
saban field at bryant-denny stadium,NORTH ZONE 2,,,Cat T - North Zone,
saban field at bryant-denny stadium,NORTH ZONE 3,,,Cat T - North Zone,
saban field at bryant-denny stadium,NORTH ZONE 4,,,Cat T - North Zone,
saban field at bryant-denny stadium,NORTH ZONE 5,,,Other,
saban field at bryant-denny stadium,NORTH ZONE 6,,,Cat T - North Zone,
saban field at bryant-denny stadium,NORTH ZONE 7,,,Cat T - North Zone,
saban field at bryant-denny stadium,NORTH ZONE 8,,,Cat T - North Zone,
saban field at bryant-denny stadium,NORTH ZONE 9,,,Cat T - North Zone,
saban field at bryant-denny stadium,NORTH ZONE CLUB,,,Other,
saban field at bryant-denny stadium,NZ-5,,,Other,
saban field at bryant-denny stadium,NZ-7,,,Other,
saban field at bryant-denny stadium,NZ-9,,,Other,
saban field at bryant-denny stadium,NZ10,,,Other,
saban field at bryant-denny stadium,NZ3,,,Other,
saban field at bryant-denny stadium,NZ4,,,Other,
saban field at bryant-denny stadium,NZ5,,,Other,
saban field at bryant-denny stadium,NZ6,,,Other,
saban field at bryant-denny stadium,NZ7,,,Other,
saban field at bryant-denny stadium,NZ8,,,Other,
saban field at bryant-denny stadium,NZ9,,,Other,
saban field at bryant-denny stadium,PREGAME TAILGATE,,,Other,
saban field at bryant-denny stadium,S1,,,Other,
saban field at bryant-denny stadium,SCC2,,,Other,
saban field at bryant-denny stadium,SCHOLARSHIP CLUB,,,"Cat V - Clubs (Ivory, Terrace, Champions)",
saban field at bryant-denny stadium,SFS-1,,,Other,
saban field at bryant-denny stadium,SFS-2,,,Other,
saban field at bryant-denny stadium,SFS1,,,Other,
saban field at bryant-denny stadium,SFS2,,,Other,
saban field at bryant-denny stadium,SOUTH CHAMPIONS CLUB 1,,,Other,
saban field at bryant-denny stadium,SOUTH CHAMPIONS CLUB 2,,,Other,
saban field at bryant-denny stadium,SOUTH CHAMPIONS CLUB 3,,,Other,
saban field at bryant-denny stadium,SOUTH CHAMPIONS CLUB 4,,,Other,
saban field at bryant-denny stadium,SOUTH FIELD SUITE 1,,,Other,
saban field at bryant-denny stadium,SOUTH FIELD SUITE 2,,,Other,
saban field at bryant-denny stadium,SOUTH TERRACE 1,,,Other,
saban field at bryant-denny stadium,SOUTH TERRACE CLUB 1,,,Other,
saban field at bryant-denny stadium,SOUTH TERRACE CLUB 2,,,Other,
saban field at bryant-denny stadium,SOUTH ZONE,,,Cat U - South Zone,
saban field at bryant-denny stadium,SOUTH ZONE 10,,,Other,
saban field at bryant-denny stadium,SOUTH ZONE 11,,,Cat U - South Zone,
saban field at bryant-denny stadium,SOUTH ZONE 2,,,Cat U - South Zone,
saban field at bryant-denny stadium,SOUTH ZONE 3,,,Other,
saban field at bryant-denny stadium,SOUTH ZONE 4,,,Cat U - South Zone,
saban field at bryant-denny stadium,SOUTH ZONE 5,,,Cat U - South Zone,
saban field at bryant-denny stadium,SOUTH ZONE 6,,,Cat U - South Zone,
saban field at bryant-denny stadium,SOUTH ZONE 7,,,Cat U - South Zone,
saban field at bryant-denny stadium,SOUTH ZONE 8,,,Cat U - South Zone,
saban field at bryant-denny stadium,SOUTH ZONE 9,,,Cat U - South Zone,
saban field at bryant-denny stadium,SOUTH ZONE CLUB,,,Other,
saban field at bryant-denny stadium,SS-10,,,Other,
saban field at bryant-denny stadium,ST1,,,Other,
saban field at bryant-denny stadium,STC1,,,Other,
saban field at bryant-denny stadium,STUDENT CENTER,,,Other,
saban field at bryant-denny stadium,STUDENT CENTER PAR,,,Other,
saban field at bryant-denny stadium,SZ-5,,,Cat U - South Zone,
saban field at bryant-denny stadium,SZ11,,,Other,
saban field at bryant-denny stadium,SZ2,,,Other,
saban field at bryant-denny stadium,SZ3,,,Other,
saban field at bryant-denny stadium,SZ4,,,Other,
saban field at bryant-denny stadium,SZ5,,,Other,
saban field at bryant-denny stadium,SZ6,,,Other,
saban field at bryant-denny stadium,SZ7,,,Other,
saban field at bryant-denny stadium,SZ8,,,Other,
saban field at bryant-denny stadium,SZ9,,,Other,
saban field at bryant-denny stadium,TRIANGLE LOT,,,Other,
saban field at bryant-denny stadium,U4-EE,,,Other,
saban field at bryant-denny stadium,U4-LL,,,Other,
saban field at bryant-denny stadium,UPPER LEVEL,,,Other,
saban field at bryant-denny stadium,UPPER LEVEL 835,,,Upper (400+),
saban field at bryant-denny stadium,UPPER LEVEL 842,,,Upper (400+),
saban field at bryant-denny stadium,UPPER SIDELINE,,,Other,
saban field at bryant-denny stadium,WEST TEN HOOR,,,Other,
saban field at bryant-denny stadium,,,,Cat A - West Side Center 3,3
saban field at bryant-denny stadium,,,,Cat B - East Side Center 3,4
saban field at bryant-denny stadium,,,,Cat C - West 10-30 yardline,5
saban field at bryant-denny stadium,,,,Cat D - East 10-30 yardline,6
saban field at bryant-denny stadium,,,,Cat E - West GL-10yd,7
saban field at bryant-denny stadium,,,,Cat F - East GL-10yd,8
saban field at bryant-denny stadium,,,,Cat G - West Corner EZ,9
saban field at bryant-denny stadium,,,,Cat H - East Corner EZ,10
saban field at bryant-denny stadium,,,,Cat I - Lower North EZ,11
saban field at bryant-denny stadium,,,,Cat J - Lower South EZ (Students),12
saban field at bryant-denny stadium,,,,Cat K - Upper West Side Between 20 yardlines,13
saban field at bryant-denny stadium,,,,Cat L - Upper East Side Between 20 yardlines,14
saban field at bryant-denny stadium,,,,Cat M - Upper West Side GL-20yd,15
saban field at bryant-denny stadium,,,,Cat N - Upper East Side GL-20yd,16
saban field at bryant-denny stadium,,,,Cat O - Upper West Corner,17
saban field at bryant-denny stadium,,,,Cat P - Upper East Corner,18
saban field at bryant-denny stadium,,,,Cat Q - Upper North EZ,19
saban field at bryant-denny stadium,,,,Cat R - Upper South EZ,20
saban field at bryant-denny stadium,,,,Cat S - Upper South EZ (Students),21
saban field at bryant-denny stadium,,,,Cat T - North Zone,22
saban field at bryant-denny stadium,,,,Cat U - South Zone,23
saban field at bryant-denny stadium,,,,"Cat V - Clubs (Ivory, Terrace, Champions)",24
saban field at bryant-denny stadium,,,,Lower (100s),26
saban field at bryant-denny stadium,,,,Other,1
saban field at bryant-denny stadium,,,,Upper (400+),25
snhu arena,1,,,Other,
snhu arena,101,,,Lower (100s),
snhu arena,102,,,Lower (100s),
snhu arena,103,,,Lower (100s),
snhu arena,104,,,Lower (100s),
snhu arena,105,,,Lower (100s),
snhu arena,106,,,Lower (100s),
snhu arena,107,,,Lower (100s),
snhu arena,108,,,Lower (100s),
snhu arena,109,,,Lower (100s),
snhu arena,110,,,Lower (100s),
snhu arena,111,,,Lower (100s),
snhu arena,111 CHARLES ST.,,,Lower (100s),
snhu arena,111 CHARLES ST. - LOT,,,Lower (100s),
snhu arena,117,,,Lower (100s),
snhu arena,118,,,Lower (100s),
snhu arena,119,,,Lower (100s),
snhu arena,120,,,Lower (100s),
snhu arena,121,,,Lower (100s),
snhu arena,122,,,Lower (100s),
snhu arena,123,,,Lower (100s),
snhu arena,124,,,Lower (100s),
snhu arena,124 KIDDER ST.,,,Lower (100s),
snhu arena,125,,,Lower (100s),
snhu arena,126,,,Lower (100s),
snhu arena,2,,,Other,
snhu arena,201,,,Club / Mezz (200s),
snhu arena,202,,,Club / Mezz (200s),
snhu arena,203,,,Club / Mezz (200s),
snhu arena,204,,,Club / Mezz (200s),
snhu arena,205,,,Club / Mezz (200s),
snhu arena,206,,,Club / Mezz (200s),
snhu arena,207,,,Club / Mezz (200s),
snhu arena,208,,,Club / Mezz (200s),
snhu arena,209,,,Club / Mezz (200s),
snhu arena,210,,,Club / Mezz (200s),
snhu arena,218,,,Club / Mezz (200s),
snhu arena,219,,,Club / Mezz (200s),
snhu arena,220,,,Club / Mezz (200s),
snhu arena,221,,,Club / Mezz (200s),
snhu arena,222,,,Club / Mezz (200s),
snhu arena,223,,,Club / Mezz (200s),
snhu arena,224,,,Club / Mezz (200s),
snhu arena,225,,,Club / Mezz (200s),
snhu arena,226,,,Club / Mezz (200s),
snhu arena,3,,,Other,
snhu arena,4,,,Other,
snhu arena,5,,,Other,
snhu arena,6,,,Other,
snhu arena,FLOOR,,,Floor / GA,
snhu arena,FLOOR 1,,,Floor / GA,
snhu arena,FLOOR 2,,,Floor / GA,
snhu arena,FLOOR 3,,,Floor / GA,
snhu arena,FLOOR 4,,,Floor / GA,
snhu arena,FLOOR 5,,,Floor / GA,
snhu arena,FLOOR 6,,,Floor / GA,
snhu arena,FLR1,,,Floor / GA,
snhu arena,FLR2,,,Floor / GA,
snhu arena,FLR3,,,Floor / GA,
snhu arena,FLR4,,,Floor / GA,
snhu arena,FLR5,,,Floor / GA,
snhu arena,FLR6,,,Floor / GA,
snhu arena,LOWER 102,,,Lower (100s),
snhu arena,LOWER 103,,,Lower (100s),
snhu arena,LOWER 104,,,Lower (100s),
snhu arena,LOWER 105,,,Lower (100s),
snhu arena,LOWER 106,,,Lower (100s),
snhu arena,LOWER 107,,,Lower (100s),
snhu arena,LOWER 108,,,Lower (100s),
snhu arena,LOWER 109,,,Lower (100s),
snhu arena,LOWER 110,,,Lower (100s),
snhu arena,LOWER 111,,,Lower (100s),
snhu arena,LOWER 117,,,Lower (100s),
snhu arena,LOWER 118,,,Lower (100s),
snhu arena,LOWER 119,,,Lower (100s),
snhu arena,LOWER 120,,,Lower (100s),
snhu arena,LOWER 121,,,Lower (100s),
snhu arena,LOWER 122,,,Lower (100s),
snhu arena,LOWER 123,,,Lower (100s),
snhu arena,LOWER 124,,,Lower (100s),
snhu arena,LOWER 125,,,Lower (100s),
snhu arena,LOWER 126,,,Lower (100s),
snhu arena,LOWER LEVEL 102,,,Lower (100s),
snhu arena,LOWER LEVEL 103,,,Lower (100s),
snhu arena,LOWER LEVEL 104,,,Lower (100s),
snhu arena,LOWER LEVEL 105,,,Lower (100s),
snhu arena,LOWER LEVEL 106,,,Lower (100s),
snhu arena,LOWER LEVEL 107,,,Lower (100s),
snhu arena,LOWER LEVEL 108,,,Lower (100s),
snhu arena,LOWER LEVEL 109,,,Lower (100s),
snhu arena,LOWER LEVEL 110,,,Lower (100s),
snhu arena,LOWER LEVEL 111,,,Lower (100s),
snhu arena,LOWER LEVEL 117,,,Lower (100s),
snhu arena,LOWER LEVEL 118,,,Lower (100s),
snhu arena,LOWER LEVEL 119,,,Lower (100s),
snhu arena,LOWER LEVEL 120,,,Lower (100s),
snhu arena,LOWER LEVEL 121,,,Lower (100s),
snhu arena,LOWER LEVEL 122,,,Lower (100s),
snhu arena,LOWER LEVEL 123,,,Lower (100s),
snhu arena,LOWER LEVEL 124,,,Lower (100s),
snhu arena,LOWER LEVEL 125,,,Lower (100s),
snhu arena,LOWER LEVEL 126,,,Lower (100s),
snhu arena,PARKING WITHIN 0.8 MILES,,,Other,
snhu arena,RESERVED,,,Other,
snhu arena,UPPER 201,,,Club / Mezz (200s),
snhu arena,UPPER 202,,,Club / Mezz (200s),
snhu arena,UPPER 203,,,Club / Mezz (200s),
snhu arena,UPPER 205,,,Club / Mezz (200s),
snhu arena,UPPER 206,,,Club / Mezz (200s),
snhu arena,UPPER 207,,,Club / Mezz (200s),
snhu arena,UPPER 208,,,Club / Mezz (200s),
snhu arena,UPPER 209,,,Club / Mezz (200s),
snhu arena,UPPER 210,,,Club / Mezz (200s),
snhu arena,UPPER 218,,,Club / Mezz (200s),
snhu arena,UPPER 219,,,Club / Mezz (200s),
snhu arena,UPPER 220,,,Club / Mezz (200s),
snhu arena,UPPER 221,,,Club / Mezz (200s),
snhu arena,UPPER 222,,,Club / Mezz (200s),
snhu arena,UPPER 224,,,Club / Mezz (200s),
snhu arena,UPPER 225,,,Club / Mezz (200s),
snhu arena,UPPER 226,,,Club / Mezz (200s),
snhu arena,UPPER LEVEL 201,,,Club / Mezz (200s),
snhu arena,UPPER LEVEL 202,,,Club / Mezz (200s),
snhu arena,UPPER LEVEL 203,,,Club / Mezz (200s),
snhu arena,UPPER LEVEL 204,,,Club / Mezz (200s),
snhu arena,UPPER LEVEL 205,,,Club / Mezz (200s),
snhu arena,UPPER LEVEL 206,,,Club / Mezz (200s),
snhu arena,UPPER LEVEL 207,,,Club / Mezz (200s),
snhu arena,UPPER LEVEL 208,,,Club / Mezz (200s),
snhu arena,UPPER LEVEL 209,,,Club / Mezz (200s),
snhu arena,UPPER LEVEL 210,,,Club / Mezz (200s),
snhu arena,UPPER LEVEL 218,,,Club / Mezz (200s),
snhu arena,UPPER LEVEL 219,,,Club / Mezz (200s),
snhu arena,UPPER LEVEL 220,,,Club / Mezz (200s),
snhu arena,UPPER LEVEL 221,,,Club / Mezz (200s),
snhu arena,UPPER LEVEL 222,,,Club / Mezz (200s),
snhu arena,UPPER LEVEL 223,,,Club / Mezz (200s),
snhu arena,UPPER LEVEL 224,,,Club / Mezz (200s),
snhu arena,UPPER LEVEL 225,,,Club / Mezz (200s),
snhu arena,UPPER LEVEL 226,,,Club / Mezz (200s),
snhu arena,VIP PARKING,,,Other,
snhu arena,VIP R - PURCHASING A TICKET GETS YOU ACCESS TO THE,,,Other,
snhu arena,VIP R PURCHASING A TICKET GETS YOU ACCESS TO THE,,,Other,
snhu arena,VIP RIGHT,,,Other,
snhu arena,VIPR,,,Other,
snhu arena,,,,Club / Mezz (200s),0
snhu arena,,,,Floor / GA,3
snhu arena,,,,Lower (100s),1
snhu arena,,,,Other,2
sphere,1,,,Other,
sphere,101,,,Lower (100s),
sphere,102,,,Lower (100s),
sphere,103,,,Lower (100s),
sphere,104,,,Lower (100s),
sphere,105,,,Lower (100s),
sphere,106,,,Lower (100s),
sphere,107,,,Lower (100s),
sphere,108,,,Lower (100s),
sphere,109,,,Lower (100s),
sphere,110,,,Lower (100s),
sphere,201,,,Club / Mezz (200s),
sphere,202,,,Club / Mezz (200s),
sphere,203,,,Club / Mezz (200s),
sphere,204,,,Club / Mezz (200s),
sphere,205,,,Club / Mezz (200s),
sphere,206,,,Club / Mezz (200s),
sphere,207,,,Club / Mezz (200s),
sphere,208,,,Club / Mezz (200s),
sphere,209,,,Club / Mezz (200s),
sphere,210,,,Club / Mezz (200s),
sphere,211,,,Club / Mezz (200s),
sphere,302,,,Upper (300s),
sphere,303,,,Upper (300s),
sphere,304,,,Upper (300s),
sphere,305,,,Upper (300s),
sphere,306,,,Upper (300s),
sphere,307,,,Upper (300s),
sphere,308,,,Upper (300s),
sphere,309,,,Upper (300s),
sphere,310,,,Upper (300s),
sphere,403,,,Upper (400+),
sphere,404,,,Upper (400+),
sphere,405,,,Upper (400+),
sphere,406,,,Upper (400+),
sphere,407,,,Upper (400+),
sphere,408,,,Upper (400+),
sphere,409,,,Upper (400+),
sphere,DELUXE HOTEL,,,Other,
sphere,EMERALD DELUXE,,,Other,
sphere,EMERALD FAN,,,Other,
sphere,EMERALD VIP,,,Other,
sphere,FLOOR 1,,,Floor / GA,
sphere,FLOOR 2,,,Floor / GA,
sphere,FLOOR 3,,,Floor / GA,
sphere,FLOOR 4,,,Floor / GA,
sphere,FLOOR 5,,,Floor / GA,
sphere,FLR1,,,Floor / GA,
sphere,FLR2,,,Floor / GA,
sphere,FLR3,,,Floor / GA,
sphere,FLR4,,,Floor / GA,
sphere,FLR5,,,Floor / GA,
sphere,FRONT ROW VIP FLOOR,,,Floor / GA,
sphere,RUBY FAN,,,Other,
sphere,SAPPHIRE DELUXE,,,Other,
sphere,SAPPHIRE FAN,,,Other,
sphere,SAPPHIRE VIP,,,Other,
sphere,,,,Club / Mezz (200s),4
sphere,,,,Floor / GA,3
sphere,,,,Lower (100s),1
sphere,,,,Other,5
sphere,,,,Upper (300s),2
sphere,,,,Upper (400+),0
t-mobile center,101,,,Lower (100s),
t-mobile center,102,,,Lower (100s),
t-mobile center,103,,,Lower (100s),
t-mobile center,104,,,Lower (100s),
t-mobile center,105,,,Lower (100s),
t-mobile center,106,,,Lower (100s),
t-mobile center,107,,,Lower (100s),
t-mobile center,108,,,Lower (100s),
t-mobile center,115,,,Lower (100s),
t-mobile center,116,,,Lower (100s),
t-mobile center,117,,,Lower (100s),
t-mobile center,118,,,Lower (100s),
t-mobile center,119,,,Lower (100s),
t-mobile center,120,,,Lower (100s),
t-mobile center,121,,,Lower (100s),
t-mobile center,122,,,Lower (100s),
t-mobile center,201,,,Club / Mezz (200s),
t-mobile center,202,,,Club / Mezz (200s),
t-mobile center,203,,,Club / Mezz (200s),
t-mobile center,204,,,Club / Mezz (200s),
t-mobile center,205,,,Club / Mezz (200s),
t-mobile center,206,,,Club / Mezz (200s),
t-mobile center,207,,,Club / Mezz (200s),
t-mobile center,208,,,Club / Mezz (200s),
t-mobile center,209,,,Club / Mezz (200s),
t-mobile center,210,,,Club / Mezz (200s),
t-mobile center,211,,,Club / Mezz (200s),
t-mobile center,222,,,Club / Mezz (200s),
t-mobile center,223,,,Club / Mezz (200s),
t-mobile center,224,,,Club / Mezz (200s),
t-mobile center,225,,,Club / Mezz (200s),
t-mobile center,226,,,Club / Mezz (200s),
t-mobile center,227,,,Club / Mezz (200s),
t-mobile center,228,,,Club / Mezz (200s),
t-mobile center,229,,,Club / Mezz (200s),
t-mobile center,230,,,Club / Mezz (200s),
t-mobile center,231,,,Club / Mezz (200s),
t-mobile center,232,,,Club / Mezz (200s),
t-mobile center,DELUXE HOTEL,,,Other,
t-mobile center,FLOOR 1,,,Floor / GA,
t-mobile center,FLOOR 2,,,Floor / GA,
t-mobile center,FLOOR 3,,,Floor / GA,
t-mobile center,FLOOR 4,,,Floor / GA,
t-mobile center,FLOOR 5,,,Floor / GA,
t-mobile center,FLOOR 6,,,Floor / GA,
t-mobile center,FLOOR DELUXE,,,Floor / GA,
t-mobile center,FLOOR ELITE,,,Floor / GA,
t-mobile center,FLOOR FAN,,,Floor / GA,
t-mobile center,FLR 1,,,Floor / GA,
t-mobile center,FLR 2,,,Floor / GA,
t-mobile center,FLR 3,,,Floor / GA,
t-mobile center,FLR 4,,,Floor / GA,
t-mobile center,FLR 6,,,Floor / GA,
t-mobile center,FLR1,,,Floor / GA,
t-mobile center,FLR2,,,Floor / GA,
t-mobile center,FLR3,,,Floor / GA,
t-mobile center,FLR4,,,Floor / GA,
t-mobile center,FLR5,,,Floor / GA,
t-mobile center,FLR6,,,Floor / GA,
t-mobile center,GENERAL ADMISSION PIT,,,Floor / GA,
t-mobile center,LOWER 101,,,Lower (100s),
t-mobile center,LOWER 102,,,Lower (100s),
t-mobile center,LOWER 103,,,Lower (100s),
t-mobile center,LOWER 105,,,Lower (100s),
t-mobile center,LOWER 106,,,Lower (100s),
t-mobile center,LOWER 116,,,Lower (100s),
t-mobile center,LOWER 117,,,Lower (100s),
t-mobile center,LOWER 118,,,Lower (100s),
t-mobile center,LOWER 120,,,Lower (100s),
t-mobile center,LOWER 121,,,Lower (100s),
t-mobile center,LOWER 122,,,Lower (100s),
t-mobile center,LOWER LEVEL FAN,,,Other,
t-mobile center,LOWER PREMIUM DELUXE,,,Other,
t-mobile center,LOWER PREMIUM ELITE,,,Other,
t-mobile center,LOWER PREMIUM FAN,,,Other,
t-mobile center,UPPER 202,,,Club / Mezz (200s),
t-mobile center,UPPER 203,,,Club / Mezz (200s),
t-mobile center,UPPER 207,,,Club / Mezz (200s),
t-mobile center,UPPER 209,,,Club / Mezz (200s),
t-mobile center,UPPER 210,,,Club / Mezz (200s),
t-mobile center,UPPER 226,,,Club / Mezz (200s),
t-mobile center,UPPER 230,,,Club / Mezz (200s),
t-mobile center,,,,Club / Mezz (200s),0
t-mobile center,,,,Floor / GA,2
t-mobile center,,,,Lower (100s),1
t-mobile center,,,,Other,3
the midland theatre - mo,100,,,Lower (100s),
the midland theatre - mo,101,,,Lower (100s),
the midland theatre - mo,102,,,Lower (100s),
the midland theatre - mo,103,,,Lower (100s),
the midland theatre - mo,201,,,Club / Mezz (200s),
the midland theatre - mo,202,,,Club / Mezz (200s),
the midland theatre - mo,204,,,Club / Mezz (200s),
the midland theatre - mo,205,,,Club / Mezz (200s),
the midland theatre - mo,301,,,Upper (300s),
the midland theatre - mo,302,,,Upper (300s),
the midland theatre - mo,303,,,Upper (300s),
the midland theatre - mo,304,,,Upper (300s),
the midland theatre - mo,402,,,Upper (400+),
the midland theatre - mo,403,,,Upper (400+),
the midland theatre - mo,404,,,Upper (400+),
the midland theatre - mo,,,,Club / Mezz (200s),3
the midland theatre - mo,,,,Lower (100s),2
the midland theatre - mo,,,,Upper (300s),1
the midland theatre - mo,,,,Upper (400+),0
tiger stadium,100,,,Lower (100s),
tiger stadium,101,,,Lower (100s),
tiger stadium,102,,,Lower (100s),
tiger stadium,102C,,,Lower (100s),
tiger stadium,103,,,Lower (100s),
tiger stadium,103 G,,,Lower (100s),
tiger stadium,104,,,Lower (100s),
tiger stadium,105,,,Lower (100s),
tiger stadium,106,,,Lower (100s),
tiger stadium,200,,,Club / Mezz (200s),
tiger stadium,202C,,,Club / Mezz (200s),
tiger stadium,205C,,,Club / Mezz (200s),
tiger stadium,205CLB,,,Club / Mezz (200s),
tiger stadium,206,,,Club / Mezz (200s),
tiger stadium,207,,,Club / Mezz (200s),
tiger stadium,208,,,Club / Mezz (200s),
tiger stadium,209,,,Club / Mezz (200s),
tiger stadium,210,,,Club / Mezz (200s),
tiger stadium,211,,,Club / Mezz (200s),
tiger stadium,211C,,,Club / Mezz (200s),
tiger stadium,212,,,Club / Mezz (200s),
tiger stadium,213,,,Club / Mezz (200s),
tiger stadium,214,,,Club / Mezz (200s),
tiger stadium,215,,,Club / Mezz (200s),
tiger stadium,216,,,Club / Mezz (200s),
tiger stadium,217,,,Club / Mezz (200s),
tiger stadium,237,,,Club / Mezz (200s),
tiger stadium,238,,,Club / Mezz (200s),
tiger stadium,239,,,Club / Mezz (200s),
tiger stadium,240,,,Club / Mezz (200s),
tiger stadium,241,,,Club / Mezz (200s),
tiger stadium,242,,,Club / Mezz (200s),
tiger stadium,243,,,Club / Mezz (200s),
tiger stadium,244,,,Club / Mezz (200s),
tiger stadium,300,,,Upper (300s),
tiger stadium,301,,,Upper (300s),
tiger stadium,301 B,,,Upper (300s),
tiger stadium,302,,,Upper (300s),
tiger stadium,303,,,Upper (300s),
tiger stadium,303 D,,,Upper (300s),
tiger stadium,303 E,,,Upper (300s),
tiger stadium,304,,,Upper (300s),
tiger stadium,304 A,,,Upper (300s),
tiger stadium,305,,,Upper (300s),
tiger stadium,306,,,Upper (300s),
tiger stadium,401,,,Upper (400+),
tiger stadium,402,,,Upper (400+),
tiger stadium,403,,,Upper (400+),
tiger stadium,404,,,Upper (400+),
tiger stadium,405,,,Upper (400+),
tiger stadium,406,,,Upper (400+),
tiger stadium,407,,,Upper (400+),
tiger stadium,408,,,Upper (400+),
tiger stadium,409,,,Upper (400+),
tiger stadium,410,,,Upper (400+),
tiger stadium,411,,,Upper (400+),
tiger stadium,412,,,Upper (400+),
tiger stadium,413,,,Upper (400+),
tiger stadium,414,,,Upper (400+),
tiger stadium,415,,,Upper (400+),
tiger stadium,416,,,Upper (400+),
tiger stadium,417,,,Upper (400+),
tiger stadium,418,,,Upper (400+),
tiger stadium,419,,,Upper (400+),
tiger stadium,41BX,,,Other,
tiger stadium,42,,,Other,
tiger stadium,420,,,Upper (400+),
tiger stadium,421,,,Upper (400+),
tiger stadium,422,,,Upper (400+),
tiger stadium,423,,,Upper (400+),
tiger stadium,424,,,Upper (400+),
tiger stadium,42BX,,,Other,
tiger stadium,43,,,Other,
tiger stadium,43BX,,,Other,
tiger stadium,44,,,Other,
tiger stadium,44BX,,,Other,
tiger stadium,45,,,Other,
tiger stadium,45BX,,,Other,
tiger stadium,46,,,Other,
tiger stadium,46BX,,,Other,
tiger stadium,47BX,,,Other,
tiger stadium,48,,,Other,
tiger stadium,511,,,Upper (400+),
tiger stadium,512,,,Upper (400+),
tiger stadium,513,,,Upper (400+),
tiger stadium,514,,,Upper (400+),
tiger stadium,515,,,Upper (400+),
tiger stadium,516,,,Upper (400+),
tiger stadium,517,,,Upper (400+),
tiger stadium,518,,,Upper (400+),
tiger stadium,519,,,Upper (400+),
tiger stadium,520,,,Upper (400+),
tiger stadium,530,,,Upper (400+),
tiger stadium,532,,,Upper (400+),
tiger stadium,533,,,Upper (400+),
tiger stadium,534,,,Upper (400+),
tiger stadium,535,,,Upper (400+),
tiger stadium,536,,,Upper (400+),
tiger stadium,537,,,Upper (400+),
tiger stadium,538,,,Upper (400+),
tiger stadium,539,,,Upper (400+),
tiger stadium,540,,,Upper (400+),
tiger stadium,541,,,Upper (400+),
tiger stadium,542,,,Upper (400+),
tiger stadium,552,,,Upper (400+),
tiger stadium,553,,,Upper (400+),
tiger stadium,554,,,Upper (400+),
tiger stadium,555,,,Upper (400+),
tiger stadium,556,,,Upper (400+),
tiger stadium,557,,,Upper (400+),
tiger stadium,558,,,Upper (400+),
tiger stadium,559,,,Upper (400+),
tiger stadium,559CLB,,,Upper (400+),
tiger stadium,560,,,Upper (400+),
tiger stadium,561,,,Upper (400+),
tiger stadium,562,,,Upper (400+),
tiger stadium,563,,,Upper (400+),
tiger stadium,564,,,Upper (400+),
tiger stadium,565,,,Upper (400+),
tiger stadium,565CLB,,,Upper (400+),
tiger stadium,568,,,Upper (400+),
tiger stadium,6,,,Other,
tiger stadium,610,,,Upper (400+),
tiger stadium,611,,,Upper (400+),
tiger stadium,612,,,Upper (400+),
tiger stadium,613,,,Upper (400+),
tiger stadium,614,,,Upper (400+),
tiger stadium,615,,,Upper (400+),
tiger stadium,616,,,Upper (400+),
tiger stadium,617,,,Upper (400+),
tiger stadium,618,,,Upper (400+),
tiger stadium,619,,,Upper (400+),
tiger stadium,630,,,Upper (400+),
tiger stadium,631,,,Upper (400+),
tiger stadium,632,,,Upper (400+),
tiger stadium,633,,,Upper (400+),
tiger stadium,634,,,Upper (400+),
tiger stadium,635,,,Upper (400+),
tiger stadium,636,,,Upper (400+),
tiger stadium,637,,,Upper (400+),
tiger stadium,638,,,Upper (400+),
tiger stadium,639,,,Upper (400+),
tiger stadium,640,,,Upper (400+),
tiger stadium,641,,,Upper (400+),
tiger stadium,642,,,Upper (400+),
tiger stadium,643,,,Upper (400+),
tiger stadium,650,,,Upper (400+),
tiger stadium,651,,,Upper (400+),
tiger stadium,652,,,Upper (400+),
tiger stadium,653,,,Upper (400+),
tiger stadium,654,,,Upper (400+),
tiger stadium,655,,,Upper (400+),
tiger stadium,656,,,Upper (400+),
tiger stadium,657,,,Upper (400+),
tiger stadium,658,,,Upper (400+),
tiger stadium,BOX 41,,,Other,
tiger stadium,BOX 42,,,Other,
tiger stadium,BOX 43,,,Other,
tiger stadium,BOX 44,,,Other,
tiger stadium,BOX 45,,,Other,
tiger stadium,BOX 46,,,Other,
tiger stadium,BOX 47,,,Other,
tiger stadium,BOX 48,,,Other,
tiger stadium,CLUB 101,,,Lower (100s),
tiger stadium,CLUB 102,,,Lower (100s),
tiger stadium,CLUB 103,,,Lower (100s),
tiger stadium,CLUB 104,,,Lower (100s),
tiger stadium,CLUB 105,,,Lower (100s),
tiger stadium,CLUB 106,,,Lower (100s),
tiger stadium,CLUB 107,,,Lower (100s),
tiger stadium,CLUB 108,,,Lower (100s),
tiger stadium,CLUB 110,,,Lower (100s),
tiger stadium,CLUB 201,,,Club / Mezz (200s),
tiger stadium,CLUB 202,,,Club / Mezz (200s),
tiger stadium,CLUB 203,,,Club / Mezz (200s),
tiger stadium,CLUB 204,,,Club / Mezz (200s),
tiger stadium,CLUB 205,,,Club / Mezz (200s),
tiger stadium,CLUB 208,,,Club / Mezz (200s),
tiger stadium,CLUB 209,,,Club / Mezz (200s),
tiger stadium,CLUB 210,,,Club / Mezz (200s),
tiger stadium,CLUB 211,,,Club / Mezz (200s),
tiger stadium,CLUB 308,,,Upper (300s),
tiger stadium,CLUB 309,,,Upper (300s),
tiger stadium,CLUB 552,,,Upper (400+),
tiger stadium,CLUB 553,,,Upper (400+),
tiger stadium,CLUB 554,,,Upper (400+),
tiger stadium,CLUB 555,,,Upper (400+),
tiger stadium,CLUB 556,,,Upper (400+),
tiger stadium,CLUB 557,,,Upper (400+),
tiger stadium,CLUB 558,,,Upper (400+),
tiger stadium,CLUB 559,,,Upper (400+),
tiger stadium,CLUB 560,,,Upper (400+),
tiger stadium,CLUB 561,,,Upper (400+),
tiger stadium,CLUB 562,,,Upper (400+),
tiger stadium,CLUB 563,,,Upper (400+),
tiger stadium,CLUB 564,,,Upper (400+),
tiger stadium,CLUB 565,,,Upper (400+),
tiger stadium,CLUB 568,,,Upper (400+),
tiger stadium,CLUB101,,,Lower (100s),
tiger stadium,CLUB201,,,Club / Mezz (200s),
tiger stadium,CLUB:309C,,,Upper (300s),
tiger stadium,EAST 300,,,Upper (300s),
tiger stadium,EAST 301,,,Upper (300s),
tiger stadium,EAST 302,,,Upper (300s),
tiger stadium,EAST 303,,,Upper (300s),
tiger stadium,EAST 304,,,Upper (300s),
tiger stadium,EAST 305,,,Upper (300s),
tiger stadium,EAST 306,,,Upper (300s),
tiger stadium,EAST BLEACHERS,,,Other,
tiger stadium,EAST BLEACHERS 2,,,Other,
tiger stadium,EAST BLEACHERS 3,,,Other,
tiger stadium,EAST SIDELINE 300,,,Upper (300s),
tiger stadium,EAST SIDELINE 301,,,Upper (300s),
tiger stadium,EAST SIDELINE 302,,,Upper (300s),
tiger stadium,EAST SIDELINE 303,,,Upper (300s),
tiger stadium,EAST SIDELINE 304,,,Upper (300s),
tiger stadium,EAST SIDELINE 305,,,Upper (300s),
tiger stadium,EAST SIDELINE 306,,,Upper (300s),
tiger stadium,EAST UPPER LEVEL 630,,,Upper (400+),
tiger stadium,EAST UPPER LEVEL 631,,,Upper (400+),
tiger stadium,EAST UPPER LEVEL 632,,,Upper (400+),
tiger stadium,EAST UPPER LEVEL 633,,,Upper (400+),
tiger stadium,EAST UPPER LEVEL 634,,,Upper (400+),
tiger stadium,EAST UPPER LEVEL 635,,,Upper (400+),
tiger stadium,EAST UPPER LEVEL 636,,,Upper (400+),
tiger stadium,EAST UPPER LEVEL 637,,,Upper (400+),
tiger stadium,EAST UPPER LEVEL 638,,,Upper (400+),
tiger stadium,EAST UPPER LEVEL 639,,,Upper (400+),
tiger stadium,EAST UPPER LEVEL 640,,,Upper (400+),
tiger stadium,EAST UPPER LEVEL 641,,,Upper (400+),
tiger stadium,EAST UPPER LEVEL 642,,,Upper (400+),
tiger stadium,EAST UPPER LEVEL 643,,,Upper (400+),
tiger stadium,EASTBLEACHERS2,,,Other,
tiger stadium,EB2,,,Other,
tiger stadium,EB3,,,Other,
tiger stadium,EBL,,,Other,
tiger stadium,EBL2,,,Other,
tiger stadium,EBL3,,,Other,
tiger stadium,L:303,,,Upper (300s),
tiger stadium,LOT 207,,,Club / Mezz (200s),
tiger stadium,LOT 307,,,Upper (300s),
tiger stadium,LOT 400,,,Upper (400+),
tiger stadium,LOT 402,,,Upper (400+),
tiger stadium,LOT 403,,,Upper (400+),
tiger stadium,LOT 404,,,Upper (400+),
tiger stadium,LOT 406,,,Upper (400+),
tiger stadium,LOT 412,,,Upper (400+),
tiger stadium,LOT 414,,,Upper (400+),
tiger stadium,LOT.106,,,Lower (100s),
tiger stadium,LOT.406,,,Upper (400+),
tiger stadium,LOT.409,,,Upper (400+),
tiger stadium,LOWER LEVEL,,,Other,
tiger stadium,LOWER PREMIUM,,,Other,
tiger stadium,LOWER SIDELINE,,,Other,
tiger stadium,NORTH ENDZONE 205,,,Club / Mezz (200s),
tiger stadium,NORTH ENDZONE 206,,,Club / Mezz (200s),
tiger stadium,NORTH ENDZONE 207,,,Club / Mezz (200s),
tiger stadium,NORTH ENDZONE 208,,,Club / Mezz (200s),
tiger stadium,NORTH ENDZONE 209,,,Club / Mezz (200s),
tiger stadium,NORTH ENDZONE 210,,,Club / Mezz (200s),
tiger stadium,NORTH ENDZONE 211,,,Club / Mezz (200s),
tiger stadium,NORTH ENDZONE 212,,,Club / Mezz (200s),
tiger stadium,NORTH ENDZONE 213,,,Club / Mezz (200s),
tiger stadium,NORTH ENDZONE 214,,,Club / Mezz (200s),
tiger stadium,NORTH ENDZONE 215,,,Club / Mezz (200s),
tiger stadium,NORTH ENDZONE 216,,,Club / Mezz (200s),
tiger stadium,NORTH ENDZONE 217,,,Club / Mezz (200s),
tiger stadium,NORTH ENDZONE 237,,,Club / Mezz (200s),
tiger stadium,NORTH ENDZONE 238,,,Club / Mezz (200s),
tiger stadium,NORTH ENDZONE 239,,,Club / Mezz (200s),
tiger stadium,NORTH ENDZONE 240,,,Club / Mezz (200s),
tiger stadium,NORTH ENDZONE 241,,,Club / Mezz (200s),
tiger stadium,NORTH ENDZONE 242,,,Club / Mezz (200s),
tiger stadium,NORTH ENDZONE 243,,,Club / Mezz (200s),
tiger stadium,NORTH ENDZONE 244,,,Club / Mezz (200s),
tiger stadium,OLD FRONT 9,,,Other,
tiger stadium,PARK:LOT.404,,,Upper (400+),
tiger stadium,PARKING GARAGE,,,Other,
tiger stadium,PREGAME TAILGATE,,,Other,
tiger stadium,RESERVED PARKING 110,,,Lower (100s),
tiger stadium,RESERVED PARKING LOT 101,,,Lower (100s),
tiger stadium,RESERVED PARKING LOT 105,,,Lower (100s),
tiger stadium,RESERVED PARKING LOT 107,,,Lower (100s),
tiger stadium,RESERVED PARKING LOT 108,,,Lower (100s),
tiger stadium,RESERVED PARKING LOT 202,,,Club / Mezz (200s),
tiger stadium,RESERVED PARKING LOT 204,,,Club / Mezz (200s),
tiger stadium,RESERVED PARKING LOT 400,,,Upper (400+),
tiger stadium,RESERVED PARKING LOT 403,,,Upper (400+),
tiger stadium,RESERVED PARKING LOT 404,,,Upper (400+),
tiger stadium,RESERVED PARKING LOT 406,,,Upper (400+),
tiger stadium,RESERVED PARKING LOT 407,,,Upper (400+),
tiger stadium,RESERVED PARKING LOT 409,,,Upper (400+),
tiger stadium,RESERVED PARKING LOT 412,,,Upper (400+),
tiger stadium,RESERVED PARKING LOT 414,,,Upper (400+),
tiger stadium,RESERVED TOUCHDOWN VILLAGE 1,,,Other,
tiger stadium,SKYLINE CLUB,,,Other,
tiger stadium,SOUTH,,,Other,
tiger stadium,SOUTH ENDZONE 401,,,Upper (400+),
tiger stadium,SOUTH ENDZONE 402,,,Upper (400+),
tiger stadium,SOUTH ENDZONE 403,,,Upper (400+),
tiger stadium,SOUTH ENDZONE 404,,,Upper (400+),
tiger stadium,SOUTH ENDZONE 405,,,Upper (400+),
tiger stadium,SOUTH ENDZONE 406,,,Upper (400+),
tiger stadium,SOUTH ENDZONE 407,,,Upper (400+),
tiger stadium,SOUTH ENDZONE 408,,,Upper (400+),
tiger stadium,SOUTH ENDZONE 409,,,Upper (400+),
tiger stadium,SOUTH ENDZONE 410,,,Upper (400+),
tiger stadium,SOUTH ENDZONE 411,,,Upper (400+),
tiger stadium,SOUTH ENDZONE 412,,,Upper (400+),
tiger stadium,SOUTH ENDZONE 413,,,Upper (400+),
tiger stadium,SOUTH ENDZONE 414,,,Upper (400+),
tiger stadium,SOUTH ENDZONE 415,,,Upper (400+),
tiger stadium,SOUTH ENDZONE 416,,,Upper (400+),
tiger stadium,SOUTH ENDZONE 417,,,Upper (400+),
tiger stadium,SOUTH ENDZONE 418,,,Upper (400+),
tiger stadium,SOUTH ENDZONE 419,,,Upper (400+),
tiger stadium,SOUTH ENDZONE 420,,,Upper (400+),
tiger stadium,SOUTH ENDZONE 421,,,Upper (400+),
tiger stadium,SOUTH ENDZONE 422,,,Upper (400+),
tiger stadium,SOUTH ENDZONE 423,,,Upper (400+),
tiger stadium,SOUTH ENDZONE 424,,,Upper (400+),
tiger stadium,SOUTH SKYLINE CLUB 650,,,Upper (400+),
tiger stadium,SOUTH SKYLINE CLUB 651,,,Upper (400+),
tiger stadium,SOUTH SKYLINE CLUB 652,,,Upper (400+),
tiger stadium,SOUTH SKYLINE CLUB 653,,,Upper (400+),
tiger stadium,SOUTH SKYLINE CLUB 655,,,Upper (400+),
tiger stadium,SOUTH SKYLINE CLUB 656,,,Upper (400+),
tiger stadium,SOUTH SKYLINE CLUB 657,,,Upper (400+),
tiger stadium,SOUTH SKYLINE CLUB 658,,,Upper (400+),
tiger stadium,SOUTH STADIUM CLUB 552,,,Upper (400+),
tiger stadium,SOUTH STADIUM CLUB 559,,,Upper (400+),
tiger stadium,SOUTH STADIUM CLUB 650,,,Upper (400+),
tiger stadium,SOUTH STADIUM CLUB 651,,,Upper (400+),
tiger stadium,SOUTH STADIUM CLUB 652,,,Upper (400+),
tiger stadium,SOUTH STADIUM CLUB 653,,,Upper (400+),
tiger stadium,SOUTH STADIUM CLUB 656,,,Upper (400+),
tiger stadium,SOUTH STADIUM CLUB 657,,,Upper (400+),
tiger stadium,SOUTH STADIUM CLUB 658,,,Upper (400+),
tiger stadium,TEXAS,,,Other,
tiger stadium,TIGER TERRACE 511,,,Upper (400+),
tiger stadium,TIGER TERRACE 518,,,Upper (400+),
tiger stadium,TIGER TERRACE 530,,,Upper (400+),
tiger stadium,TIGER TERRACE 534,,,Upper (400+),
tiger stadium,TIGER TERRACE 535,,,Upper (400+),
tiger stadium,TIGER TERRACE 538,,,Upper (400+),
tiger stadium,TIGER TERRACE 539,,,Upper (400+),
tiger stadium,TIGERS PREMIUM,,,Other,
tiger stadium,TIGERS SIDELINE,,,Other,
tiger stadium,U 618,,,Upper (400+),
tiger stadium,U 619,,,Upper (400+),
tiger stadium,U;635,,,Upper (400+),
tiger stadium,UPPER DECK 643,,,Upper (400+),
tiger stadium,UPPER LEVEL,,,Other,
tiger stadium,WB1,,,Other,
tiger stadium,WB3,,,Other,
tiger stadium,WBL,,,Other,
tiger stadium,WBL1,,,Other,
tiger stadium,WBL3,,,Other,
tiger stadium,WEST 100,,,Lower (100s),
tiger stadium,WEST 101,,,Lower (100s),
tiger stadium,WEST 102,,,Lower (100s),
tiger stadium,WEST 103,,,Lower (100s),
tiger stadium,WEST 104,,,Lower (100s),
tiger stadium,WEST 106,,,Lower (100s),
tiger stadium,WEST BLEACHERS,,,Other,
tiger stadium,WEST BLEACHERS 1,,,Other,
tiger stadium,WEST BLEACHERS 3,,,Other,
tiger stadium,WEST SIDELINE 100,,,Lower (100s),
tiger stadium,WEST SIDELINE 101,,,Lower (100s),
tiger stadium,WEST SIDELINE 102,,,Lower (100s),
tiger stadium,WEST SIDELINE 103,,,Lower (100s),
tiger stadium,WEST SIDELINE 104,,,Lower (100s),
tiger stadium,WEST SIDELINE 105,,,Lower (100s),
tiger stadium,WEST SIDELINE 106,,,Lower (100s),
tiger stadium,WEST UPPER LEVEL 6,,,Other,
tiger stadium,WEST UPPER LEVEL 610,,,Upper (400+),
tiger stadium,WEST UPPER LEVEL 611,,,Upper (400+),
tiger stadium,WEST UPPER LEVEL 612,,,Upper (400+),
tiger stadium,WEST UPPER LEVEL 613,,,Upper (400+),
tiger stadium,WEST UPPER LEVEL 614,,,Upper (400+),
tiger stadium,WEST UPPER LEVEL 615,,,Upper (400+),
tiger stadium,WEST UPPER LEVEL 616,,,Upper (400+),
tiger stadium,WEST UPPER LEVEL 617,,,Upper (400+),
tiger stadium,WEST UPPER LEVEL 618,,,Upper (400+),
tiger stadium,WEST UPPER LEVEL 619,,,Upper (400+),
tiger stadium,,,,Club / Mezz (200s),1
tiger stadium,,,,Lower (100s),4
tiger stadium,,,,Other,3
tiger stadium,,,,Upper (300s),2
tiger stadium,,,,Upper (400+),0
